disease,filename,severity_percent,severity_class
Anthracnose,An1.jpg,13.679751482632025,Final
Anthracnose,An10.jpg,37.37962804145941,Final
Anthracnose,An100.jpg,18.293255566814125,Final
Anthracnose,An101.jpg,7.294518464439983,Intermediate
Anthracnose,An102.jpg,38.1108366448287,Final
Anthracnose,An103.jpg,28.20357336220899,Final
Anthracnose,An104.jpg,11.655823491973694,Intermediate
Anthracnose,An105.jpg,39.57767851418068,Final
Anthracnose,An106.jpg,28.31672232887159,Final
Anthracnose,An107.jpg,23.659743648147767,Final
Anthracnose,An108.jpg,19.78305206302248,Final
Anthracnose,An109.jpg,7.769656604099992,Intermediate
Anthracnose,An11.jpg,50.26942915598075,Final
Anthracnose,An110.jpg,18.181599576780645,Final
Anthracnose,An111.jpg,27.70111784967141,Final
Anthracnose,An112.jpg,14.413643095149945,Final
Anthracnose,An113.jpg,19.294262043571646,Final
Anthracnose,An114.jpg,37.37962804145941,Final
Anthracnose,An115.jpg,12.581299971001284,Final
Anthracnose,An116.jpg,14.979616795760291,Final
Anthracnose,An117.jpg,25.569594300212717,Final
Anthracnose,An118.jpg,21.2134242880319,Final
Anthracnose,An119.jpg,20.933977455716587,Final
Anthracnose,An12.jpg,20.541998823505548,Final
Anthracnose,An120.jpg,2.1955492600738062,Early
Anthracnose,An121.jpg,10.433585684790089,Intermediate
Anthracnose,An122.jpg,43.75935428693607,Final
Anthracnose,An123.jpg,25.542119045517403,Final
Anthracnose,An124.jpg,15.088648681752764,Final
Anthracnose,An125.jpg,28.445706174591912,Final
Anthracnose,An126.jpg,12.48072519975702,Final
Anthracnose,An127.jpg,41.07941834451901,Final
Anthracnose,An128.jpg,28.101501262123023,Final
Anthracnose,An129.jpg,22.11198626678784,Final
Anthracnose,An13.jpg,5.988436853551159,Intermediate
Anthracnose,An130.jpg,31.313601922463892,Final
Anthracnose,An131.jpg,35.31649531697686,Final
Anthracnose,An132.jpg,13.285720001600449,Final
Anthracnose,An133.jpg,15.973645680819912,Final
Anthracnose,An134.jpg,19.78305206302248,Final
Anthracnose,An135.jpg,13.17428962163805,Final
Anthracnose,An136.jpg,25.569594300212717,Final
Anthracnose,An137.jpg,15.503121098626716,Final
Anthracnose,An138.jpg,12.48072519975702,Final
Anthracnose,An139.jpg,17.498402626302685,Final
Anthracnose,An14.jpg,4.944088895140305,Intermediate
Anthracnose,An140.jpg,28.76126793347158,Final
Anthracnose,An141.jpg,34.41410693970421,Final
Anthracnose,An142.jpg,8.169965075669383,Intermediate
Anthracnose,An143.jpg,43.424105833088845,Final
Anthracnose,An144.jpg,20.522229711176017,Final
Anthracnose,An145.jpg,21.083926308607076,Final
Anthracnose,An146.jpg,21.240844463593277,Final
Anthracnose,An147.jpg,14.38698915763136,Final
Anthracnose,An148.jpg,16.10234101713158,Final
Anthracnose,An149.jpg,15.589566716964864,Final
Anthracnose,An15.jpg,28.380907814693497,Final
Anthracnose,An150.jpg,9.161130503321697,Intermediate
Anthracnose,An151.jpg,18.561857770132633,Final
Anthracnose,An152.jpg,21.090121525688847,Final
Anthracnose,An153.jpg,12.658364916080131,Final
Anthracnose,An154.jpg,14.72357275324545,Final
Anthracnose,An155.jpg,38.62888844858332,Final
Anthracnose,An156.jpg,11.14450288004007,Intermediate
Anthracnose,An157.jpg,8.029506978718889,Intermediate
Anthracnose,An158.jpg,18.763064946298567,Final
Anthracnose,An159.jpg,21.80790704007989,Final
Anthracnose,An16.jpg,18.04379339284352,Final
Anthracnose,An160.jpg,21.105180384120477,Final
Anthracnose,An161.jpg,17.447042305109576,Final
Anthracnose,An162.jpg,16.219702262589347,Final
Anthracnose,An163.jpg,29.12117576484703,Final
Anthracnose,An164.jpg,26.24764263799364,Final
Anthracnose,An165.jpg,15.516248887958554,Final
Anthracnose,An166.jpg,15.12428709781556,Final
Anthracnose,An167.jpg,24.55975781349934,Final
Anthracnose,An168.jpg,23.480757903004125,Final
Anthracnose,An169.jpg,18.26486093437557,Final
Anthracnose,An17.jpg,13.285720001600449,Final
Anthracnose,An170.jpg,19.426027656753174,Final
Anthracnose,An171.jpg,16.00323297635886,Final
Anthracnose,An172.jpg,42.803901355959084,Final
Anthracnose,An173.jpg,13.825265356683103,Final
Anthracnose,An174.jpg,23.657062303765567,Final
Anthracnose,An175.jpg,14.7268912515618,Final
Anthracnose,An176.jpg,21.240844463593277,Final
Anthracnose,An177.jpg,24.30050872093023,Final
Anthracnose,An178.jpg,24.678365650240732,Final
Anthracnose,An179.jpg,5.789909015715467,Intermediate
Anthracnose,An18.jpg,29.97668170527703,Final
Anthracnose,An180.jpg,25.437243931450727,Final
Anthracnose,An181.jpg,26.277388255915863,Final
Anthracnose,An182.jpg,18.361511340606867,Final
Anthracnose,An183.jpg,23.16912663344928,Final
Anthracnose,An184.jpg,26.306473546743796,Final
Anthracnose,An185.jpg,8.169965075669383,Intermediate
Anthracnose,An186.jpg,21.083926308607076,Final
Anthracnose,An187.jpg,14.38698915763136,Final
Anthracnose,An188.jpg,16.10234101713158,Final
Anthracnose,An189.jpg,52.28384991843393,Final
Anthracnose,An19.jpg,32.339974328924605,Final
Anthracnose,An190.jpg,30.378008202429776,Final
Anthracnose,An191.jpg,29.413683058072632,Final
Anthracnose,An192.jpg,23.12434098467029,Final
Anthracnose,An193.jpg,15.589566716964864,Final
Anthracnose,An194.jpg,24.021125478055,Final
Anthracnose,An195.jpg,18.561857770132633,Final
Anthracnose,An196.jpg,12.658364916080131,Final
Anthracnose,An197.jpg,15.69792018938113,Final
Anthracnose,An198.jpg,11.14450288004007,Intermediate
Anthracnose,An199.jpg,21.349712330897216,Final
Anthracnose,An2.jpg,6.350852008400457,Intermediate
Anthracnose,An20.jpg,23.501369307231972,Final
Anthracnose,An200.jpg,21.066849816849818,Final
Anthracnose,An201.jpg,34.59972310448733,Final
Anthracnose,An202.jpg,15.578276165347404,Final
Anthracnose,An203.jpg,14.461428230236445,Final
Anthracnose,An204.jpg,18.763064946298567,Final
Anthracnose,An205.jpg,10.242616409562151,Intermediate
Anthracnose,An206.jpg,21.80790704007989,Final
Anthracnose,An207.jpg,25.168156270155716,Final
Anthracnose,An208.jpg,27.789640005124483,Final
Anthracnose,An209.jpg,31.568583069262107,Final
Anthracnose,An21.jpg,11.448712709440132,Intermediate
Anthracnose,An210.jpg,29.12117576484703,Final
Anthracnose,An211.jpg,26.24764263799364,Final
Anthracnose,An212.jpg,25.790879692552842,Final
Anthracnose,An213.jpg,24.55975781349934,Final
Anthracnose,An214.jpg,45.30251785043217,Final
Anthracnose,An215.jpg,14.99292083757669,Final
Anthracnose,An216.jpg,18.26486093437557,Final
Anthracnose,An217.jpg,34.47123368297144,Final
Anthracnose,An218.jpg,16.00323297635886,Final
Anthracnose,An219.jpg,19.78807239375793,Final
Anthracnose,An22.jpg,18.919752491470206,Final
Anthracnose,An220.jpg,13.825265356683103,Final
Anthracnose,An221.jpg,25.586140309329057,Final
Anthracnose,An222.jpg,10.677374761371865,Intermediate
Anthracnose,An223.jpg,16.105591315854397,Final
Anthracnose,An224.jpg,25.437243931450727,Final
Anthracnose,An225.jpg,15.404766468596257,Final
Anthracnose,An226.jpg,19.395114855445787,Final
Anthracnose,An227.jpg,17.51860888902616,Final
Anthracnose,An228.jpg,11.43316819040809,Intermediate
Anthracnose,An229.jpg,33.01805869074492,Final
Anthracnose,An23.jpg,18.04379339284352,Final
Anthracnose,An230.jpg,33.368910782703885,Final
Anthracnose,An231.jpg,18.361511340606867,Final
Anthracnose,An232.jpg,17.313022616635223,Final
Anthracnose,An233.jpg,19.01565428846446,Final
Anthracnose,An234.jpg,16.540208776338684,Final
Anthracnose,An235.jpg,24.288666348752187,Final
Anthracnose,An236.jpg,9.855791101810572,Intermediate
Anthracnose,An237.jpg,26.51991870914032,Final
Anthracnose,An238.jpg,11.757496169840227,Intermediate
Anthracnose,An239.jpg,19.681151588100914,Final
Anthracnose,An24.jpg,14.7268912515618,Final
Anthracnose,An240.jpg,23.526491560610165,Final
Anthracnose,An241.jpg,21.519658852094427,Final
Anthracnose,An242.jpg,16.566411649049037,Final
Anthracnose,An243.jpg,22.90234969754331,Final
Anthracnose,An244.jpg,21.311066799601196,Final
Anthracnose,An245.jpg,5.991922699479128,Intermediate
Anthracnose,An246.jpg,24.69811370392781,Final
Anthracnose,An247.jpg,6.523521956311042,Intermediate
Anthracnose,An248.jpg,18.293255566814125,Final
Anthracnose,An249.jpg,35.162539293107415,Final
Anthracnose,An25.jpg,23.01142210331344,Final
Anthracnose,An250.jpg,16.026598392717446,Final
Anthracnose,An251.jpg,27.789640005124483,Final
Anthracnose,An252.jpg,23.55411954765751,Final
Anthracnose,An253.jpg,30.485363232101836,Final
Anthracnose,An254.jpg,39.03119344192484,Final
Anthracnose,An255.jpg,16.99189291101056,Final
Anthracnose,An256.jpg,23.24122584149568,Final
Anthracnose,An257.jpg,18.36428749895894,Final
Anthracnose,An258.jpg,22.92275574112735,Final
Anthracnose,An259.jpg,25.959041836674928,Final
Anthracnose,An26.jpg,19.05624885300055,Final
Anthracnose,An260.jpg,13.086293377008907,Final
Anthracnose,An261.jpg,16.462060511308117,Final
Anthracnose,An262.jpg,21.989730423620028,Final
Anthracnose,An263.jpg,14.99292083757669,Final
Anthracnose,An264.jpg,22.766870644229133,Final
Anthracnose,An265.jpg,16.80956383674232,Final
Anthracnose,An266.jpg,26.277388255915863,Final
Anthracnose,An267.jpg,17.680514870961535,Final
Anthracnose,An268.jpg,18.73908526206424,Final
Anthracnose,An269.jpg,31.45702093070514,Final
Anthracnose,An27.jpg,40.84958243060571,Final
Anthracnose,An270.jpg,25.168156270155716,Final
Anthracnose,An271.jpg,16.86037032723885,Final
Anthracnose,An272.jpg,16.08158268835887,Final
Anthracnose,An273.jpg,22.772043180206445,Final
Anthracnose,An274.jpg,12.01783723522854,Final
Anthracnose,An275.jpg,14.102054063108524,Final
Anthracnose,An276.jpg,14.40405285137263,Final
Anthracnose,An277.jpg,18.145971099681606,Final
Anthracnose,An278.jpg,10.875121825637631,Intermediate
Anthracnose,An279.jpg,11.820430155014796,Intermediate
Anthracnose,An28.jpg,36.48745710409407,Final
Anthracnose,An280.jpg,15.622500666488936,Final
Anthracnose,An281.jpg,26.979347694297378,Final
Anthracnose,An282.jpg,8.018995085332726,Intermediate
Anthracnose,An283.jpg,16.08158268835887,Final
Anthracnose,An284.jpg,12.361728577147552,Final
Anthracnose,An285.jpg,13.518208588437176,Final
Anthracnose,An286.jpg,28.626450225656292,Final
Anthracnose,An287.jpg,9.97387207603843,Intermediate
Anthracnose,An288.jpg,21.130116203277066,Final
Anthracnose,An289.jpg,16.304347826086957,Final
Anthracnose,An29.jpg,14.047788335164718,Final
Anthracnose,An290.jpg,22.772043180206445,Final
Anthracnose,An291.jpg,12.843905039156997,Final
Anthracnose,An292.jpg,29.97668170527703,Final
Anthracnose,An293.jpg,10.584518167456556,Intermediate
Anthracnose,An294.jpg,5.225435643791075,Intermediate
Anthracnose,An295.jpg,19.294262043571646,Final
Anthracnose,An296.jpg,12.264000182635893,Final
Anthracnose,An297.jpg,23.480757903004125,Final
Anthracnose,An298.jpg,26.65192945360181,Final
Anthracnose,An299.jpg,18.080492846431323,Final
Anthracnose,An3.jpg,21.45723520097178,Final
Anthracnose,An30.jpg,17.076323429980512,Final
Anthracnose,An300.jpg,17.447042305109576,Final
Anthracnose,An31.jpg,39.953547580230925,Final
Anthracnose,An32.jpg,15.115566947172637,Final
Anthracnose,An33.jpg,23.501369307231972,Final
Anthracnose,An34.jpg,11.891286771565396,Intermediate
Anthracnose,An35.jpg,16.522492979777994,Final
Anthracnose,An36.jpg,11.832111673011724,Intermediate
Anthracnose,An37.jpg,6.42475350837965,Intermediate
Anthracnose,An38.jpg,34.586709188071026,Final
Anthracnose,An39.jpg,13.794714829785743,Final
Anthracnose,An4.jpg,14.503733580421867,Final
Anthracnose,An40.jpg,9.065105552598899,Intermediate
Anthracnose,An41.jpg,9.247257169483628,Intermediate
Anthracnose,An42.jpg,23.72173558769607,Final
Anthracnose,An43.jpg,16.33607225991286,Final
Anthracnose,An44.jpg,10.648326691519904,Intermediate
Anthracnose,An45.jpg,11.320952901138607,Intermediate
Anthracnose,An46.jpg,4.147053365052049,Intermediate
Anthracnose,An47.jpg,16.304347826086957,Final
Anthracnose,An48.jpg,19.05624885300055,Final
Anthracnose,An49.jpg,12.863196125907992,Final
Anthracnose,An5.jpg,19.681151588100914,Final
Anthracnose,An50.jpg,10.835691378985098,Intermediate
Anthracnose,An51.jpg,11.26183026604738,Intermediate
Anthracnose,An52.jpg,17.06901732946008,Final
Anthracnose,An53.jpg,11.247716734579177,Intermediate
Anthracnose,An54.jpg,20.522229711176017,Final
Anthracnose,An55.jpg,31.215947695660535,Final
Anthracnose,An56.jpg,23.72173558769607,Final
Anthracnose,An57.jpg,3.213319302465424,Intermediate
Anthracnose,An58.jpg,19.274636125029826,Final
Anthracnose,An59.jpg,8.731708493045009,Intermediate
Anthracnose,An6.jpg,19.62722919418758,Final
Anthracnose,An60.jpg,16.05284663579406,Final
Anthracnose,An61.jpg,9.007710435399364,Intermediate
Anthracnose,An62.jpg,2.676118741692512,Early
Anthracnose,An63.jpg,7.951420714940421,Intermediate
Anthracnose,An64.jpg,11.870701153333158,Intermediate
Anthracnose,An65.jpg,34.96036712557363,Final
Anthracnose,An66.jpg,25.572728269209687,Final
Anthracnose,An67.jpg,25.572728269209687,Final
Anthracnose,An68.jpg,26.5862000594825,Final
Anthracnose,An69.jpg,25.826010544815464,Final
Anthracnose,An7.jpg,8.190197378953869,Intermediate
Anthracnose,An70.jpg,10.559266471124696,Intermediate
Anthracnose,An71.jpg,19.290829847346636,Final
Anthracnose,An72.jpg,44.06869988614617,Final
Anthracnose,An73.jpg,15.980437820214252,Final
Anthracnose,An74.jpg,4.812585830842556,Intermediate
Anthracnose,An75.jpg,15.980437820214252,Final
Anthracnose,An76.jpg,8.257797041364364,Intermediate
Anthracnose,An77.jpg,23.112892451569806,Final
Anthracnose,An78.jpg,51.37136990319742,Final
Anthracnose,An79.jpg,12.736626871578391,Final
Anthracnose,An8.jpg,19.30972924724784,Final
Anthracnose,An80.jpg,33.29255584250827,Final
Anthracnose,An81.jpg,15.040175812100816,Final
Anthracnose,An82.jpg,21.97710259797446,Final
Anthracnose,An83.jpg,8.151443306528487,Intermediate
Anthracnose,An84.jpg,12.865043174541574,Final
Anthracnose,An85.jpg,32.87047429689254,Final
Anthracnose,An86.jpg,12.460665863797054,Final
Anthracnose,An87.jpg,10.433585684790089,Intermediate
Anthracnose,An88.jpg,15.13673697965279,Final
Anthracnose,An89.jpg,23.12434098467029,Final
Anthracnose,An9.jpg,11.891286771565396,Intermediate
Anthracnose,An90.jpg,9.837454608334774,Intermediate
Anthracnose,An91.jpg,12.976752633490737,Final
Anthracnose,An92.jpg,40.84171098429301,Final
Anthracnose,An93.jpg,25.449593313931796,Final
Anthracnose,An94.jpg,30.0279002406662,Final
Anthracnose,An95.jpg,11.197669263411235,Intermediate
Anthracnose,An96.jpg,11.851752503576538,Intermediate
Anthracnose,An97.jpg,22.93283557651374,Final
Anthracnose,An98.jpg,13.632130055601028,Final
Anthracnose,An99.jpg,23.907443595665303,Final
Bacterial_Canker,Bc1.jpg,47.921849532469764,Final
Bacterial_Canker,Bc10.jpg,26.3845586310303,Final
Bacterial_Canker,Bc100.jpg,59.2615919209469,Final
Bacterial_Canker,Bc101.jpg,15.682664725778139,Final
Bacterial_Canker,Bc102.jpg,24.77914488552058,Final
Bacterial_Canker,Bc103.jpg,63.76700680272109,Final
Bacterial_Canker,Bc104.jpg,41.57706093189964,Final
Bacterial_Canker,Bc105.jpg,31.02549900506698,Final
Bacterial_Canker,Bc106.jpg,35.2882549666674,Final
Bacterial_Canker,Bc107.jpg,22.051814624557238,Final
Bacterial_Canker,Bc108.jpg,33.75424963574551,Final
Bacterial_Canker,Bc109.jpg,28.745224210737984,Final
Bacterial_Canker,Bc11.jpg,25.270014359145108,Final
Bacterial_Canker,Bc110.jpg,32.69435990672305,Final
Bacterial_Canker,Bc111.jpg,49.869810767199645,Final
Bacterial_Canker,Bc112.jpg,50.37227750330526,Final
Bacterial_Canker,Bc113.jpg,52.95543054954565,Final
Bacterial_Canker,Bc114.jpg,23.45909120123401,Final
Bacterial_Canker,Bc115.jpg,64.55145631067961,Final
Bacterial_Canker,Bc116.jpg,34.08560624346287,Final
Bacterial_Canker,Bc117.jpg,27.794608571483703,Final
Bacterial_Canker,Bc118.jpg,42.1437985063699,Final
Bacterial_Canker,Bc119.jpg,63.162079116439976,Final
Bacterial_Canker,Bc12.jpg,51.01976552659626,Final
Bacterial_Canker,Bc120.jpg,26.616587775262403,Final
Bacterial_Canker,Bc121.jpg,19.245319251080172,Final
Bacterial_Canker,Bc122.jpg,43.87414555689586,Final
Bacterial_Canker,Bc123.jpg,28.77601639167475,Final
Bacterial_Canker,Bc124.jpg,48.251033696117105,Final
Bacterial_Canker,Bc125.jpg,35.85199482376681,Final
Bacterial_Canker,Bc126.jpg,23.64751418320638,Final
Bacterial_Canker,Bc127.jpg,20.67674484317604,Final
Bacterial_Canker,Bc128.jpg,55.75606840573004,Final
Bacterial_Canker,Bc129.jpg,51.312721305812246,Final
Bacterial_Canker,Bc13.jpg,32.51633636850562,Final
Bacterial_Canker,Bc130.jpg,30.50902126801734,Final
Bacterial_Canker,Bc131.jpg,28.23489089455044,Final
Bacterial_Canker,Bc132.jpg,34.224931325566935,Final
Bacterial_Canker,Bc133.jpg,13.667142242453064,Final
Bacterial_Canker,Bc134.jpg,24.83907335345674,Final
Bacterial_Canker,Bc135.jpg,17.795461824632287,Final
Bacterial_Canker,Bc136.jpg,23.977311401020987,Final
Bacterial_Canker,Bc137.jpg,10.847049544407314,Intermediate
Bacterial_Canker,Bc138.jpg,6.837524735355709,Intermediate
Bacterial_Canker,Bc139.jpg,19.245649928089613,Final
Bacterial_Canker,Bc14.jpg,47.11826215540612,Final
Bacterial_Canker,Bc140.jpg,17.410772833723655,Final
Bacterial_Canker,Bc141.jpg,10.791624298572666,Intermediate
Bacterial_Canker,Bc142.jpg,17.14881417774303,Final
Bacterial_Canker,Bc143.jpg,25.181924674310462,Final
Bacterial_Canker,Bc144.jpg,27.081729405567483,Final
Bacterial_Canker,Bc145.jpg,51.8236683285227,Final
Bacterial_Canker,Bc146.jpg,8.280608678508058,Intermediate
Bacterial_Canker,Bc147.jpg,16.656882888171413,Final
Bacterial_Canker,Bc148.jpg,21.90553109449496,Final
Bacterial_Canker,Bc149.jpg,39.723063608827346,Final
Bacterial_Canker,Bc15.jpg,44.8104912635163,Final
Bacterial_Canker,Bc150.jpg,53.236517739476476,Final
Bacterial_Canker,Bc151.jpg,11.355495633275648,Intermediate
Bacterial_Canker,Bc152.jpg,31.988860437732463,Final
Bacterial_Canker,Bc153.jpg,23.923715276424982,Final
Bacterial_Canker,Bc154.jpg,12.976777510852616,Final
Bacterial_Canker,Bc155.jpg,35.449373787264065,Final
Bacterial_Canker,Bc156.jpg,35.813296924536594,Final
Bacterial_Canker,Bc157.jpg,52.686613751895116,Final
Bacterial_Canker,Bc158.jpg,40.31642357510095,Final
Bacterial_Canker,Bc159.jpg,43.55483522420313,Final
Bacterial_Canker,Bc16.jpg,6.607132434483161,Intermediate
Bacterial_Canker,Bc160.jpg,59.119701463974735,Final
Bacterial_Canker,Bc161.jpg,20.650312612002708,Final
Bacterial_Canker,Bc162.jpg,20.807330258187054,Final
Bacterial_Canker,Bc163.jpg,11.811314201363261,Intermediate
Bacterial_Canker,Bc164.jpg,29.056159130851572,Final
Bacterial_Canker,Bc165.jpg,21.414785418428643,Final
Bacterial_Canker,Bc166.jpg,20.259654825477906,Final
Bacterial_Canker,Bc167.jpg,14.86179162429509,Final
Bacterial_Canker,Bc168.jpg,39.939784053156146,Final
Bacterial_Canker,Bc169.jpg,63.3235559566787,Final
Bacterial_Canker,Bc17.jpg,24.11880815866153,Final
Bacterial_Canker,Bc170.jpg,14.100675125898885,Final
Bacterial_Canker,Bc171.jpg,20.206079896420576,Final
Bacterial_Canker,Bc172.jpg,33.992357200321806,Final
Bacterial_Canker,Bc173.jpg,8.842777690915995,Intermediate
Bacterial_Canker,Bc174.jpg,37.938891580099394,Final
Bacterial_Canker,Bc175.jpg,26.323817825234258,Final
Bacterial_Canker,Bc176.jpg,57.60876266414583,Final
Bacterial_Canker,Bc177.jpg,23.560810667120347,Final
Bacterial_Canker,Bc178.jpg,44.0180102915952,Final
Bacterial_Canker,Bc179.jpg,27.672584757767492,Final
Bacterial_Canker,Bc18.jpg,24.560132285454173,Final
Bacterial_Canker,Bc180.jpg,50.84399314255572,Final
Bacterial_Canker,Bc181.jpg,59.14241365929376,Final
Bacterial_Canker,Bc182.jpg,40.71437313859084,Final
Bacterial_Canker,Bc183.jpg,50.661856528375196,Final
Bacterial_Canker,Bc184.jpg,9.364716269363512,Intermediate
Bacterial_Canker,Bc185.jpg,13.461782765191616,Final
Bacterial_Canker,Bc186.jpg,12.58265151961073,Final
Bacterial_Canker,Bc187.jpg,10.058109229907913,Intermediate
Bacterial_Canker,Bc188.jpg,36.30057218086991,Final
Bacterial_Canker,Bc189.jpg,9.09828160617219,Intermediate
Bacterial_Canker,Bc19.jpg,19.59615001178198,Final
Bacterial_Canker,Bc190.jpg,14.559052780046025,Final
Bacterial_Canker,Bc191.jpg,21.544039320488142,Final
Bacterial_Canker,Bc192.jpg,34.92206005960113,Final
Bacterial_Canker,Bc193.jpg,18.123353479002013,Final
Bacterial_Canker,Bc194.jpg,14.97956420350543,Final
Bacterial_Canker,Bc195.jpg,20.26945979522769,Final
Bacterial_Canker,Bc196.jpg,39.10451744923152,Final
Bacterial_Canker,Bc197.jpg,55.18995929443691,Final
Bacterial_Canker,Bc198.jpg,29.403473674638537,Final
Bacterial_Canker,Bc199.jpg,17.901028252364192,Final
Bacterial_Canker,Bc2.jpg,42.093956200539274,Final
Bacterial_Canker,Bc20.jpg,56.00698528101501,Final
Bacterial_Canker,Bc200.jpg,24.47630204713778,Final
Bacterial_Canker,Bc201.jpg,45.09306115447294,Final
Bacterial_Canker,Bc202.jpg,20.35668624179253,Final
Bacterial_Canker,Bc203.jpg,29.073323376715738,Final
Bacterial_Canker,Bc204.jpg,19.281066666666664,Final
Bacterial_Canker,Bc205.jpg,15.412139864288626,Final
Bacterial_Canker,Bc206.jpg,14.533247957777906,Final
Bacterial_Canker,Bc207.jpg,33.71529489075078,Final
Bacterial_Canker,Bc208.jpg,10.462070900757645,Intermediate
Bacterial_Canker,Bc209.jpg,7.513864306784661,Intermediate
Bacterial_Canker,Bc21.jpg,34.0,Final
Bacterial_Canker,Bc210.jpg,52.88023926141043,Final
Bacterial_Canker,Bc211.jpg,33.45982511136776,Final
Bacterial_Canker,Bc212.jpg,12.87293260181811,Final
Bacterial_Canker,Bc213.jpg,50.145471955216735,Final
Bacterial_Canker,Bc214.jpg,29.92295566064966,Final
Bacterial_Canker,Bc215.jpg,30.72251454532811,Final
Bacterial_Canker,Bc216.jpg,19.873972017515754,Final
Bacterial_Canker,Bc217.jpg,22.270800463816602,Final
Bacterial_Canker,Bc218.jpg,37.50752433733939,Final
Bacterial_Canker,Bc219.jpg,50.85838742740007,Final
Bacterial_Canker,Bc22.jpg,36.41904843955287,Final
Bacterial_Canker,Bc220.jpg,39.37989351706859,Final
Bacterial_Canker,Bc221.jpg,33.57113921771616,Final
Bacterial_Canker,Bc222.jpg,26.037127053302044,Final
Bacterial_Canker,Bc223.jpg,27.91105909888824,Final
Bacterial_Canker,Bc224.jpg,30.853084482616232,Final
Bacterial_Canker,Bc225.jpg,20.057913842667393,Final
Bacterial_Canker,Bc226.jpg,25.94868815089617,Final
Bacterial_Canker,Bc227.jpg,38.54381986393466,Final
Bacterial_Canker,Bc228.jpg,69.72988897276795,Final
Bacterial_Canker,Bc229.jpg,38.37019693105322,Final
Bacterial_Canker,Bc23.jpg,21.854422144237216,Final
Bacterial_Canker,Bc230.jpg,20.20730407827182,Final
Bacterial_Canker,Bc231.jpg,59.90103720620421,Final
Bacterial_Canker,Bc232.jpg,56.38281091556438,Final
Bacterial_Canker,Bc233.jpg,7.656815927284471,Intermediate
Bacterial_Canker,Bc234.jpg,12.073540922888943,Final
Bacterial_Canker,Bc235.jpg,27.95405878917656,Final
Bacterial_Canker,Bc236.jpg,40.09280069600522,Final
Bacterial_Canker,Bc237.jpg,8.636108249836127,Intermediate
Bacterial_Canker,Bc238.jpg,52.318433810396414,Final
Bacterial_Canker,Bc239.jpg,48.088041787950075,Final
Bacterial_Canker,Bc24.jpg,43.032191466585104,Final
Bacterial_Canker,Bc240.jpg,51.37190511169683,Final
Bacterial_Canker,Bc241.jpg,17.755271677312102,Final
Bacterial_Canker,Bc242.jpg,13.281213752145874,Final
Bacterial_Canker,Bc243.jpg,39.05165690058596,Final
Bacterial_Canker,Bc244.jpg,12.415160527720582,Final
Bacterial_Canker,Bc245.jpg,13.14559266417944,Final
Bacterial_Canker,Bc246.jpg,28.744467277900725,Final
Bacterial_Canker,Bc247.jpg,9.799225552297603,Intermediate
Bacterial_Canker,Bc248.jpg,19.479853730221112,Final
Bacterial_Canker,Bc249.jpg,51.94993276093928,Final
Bacterial_Canker,Bc25.jpg,20.586740097436984,Final
Bacterial_Canker,Bc250.jpg,38.220851170989675,Final
Bacterial_Canker,Bc251.jpg,50.94370860927152,Final
Bacterial_Canker,Bc252.jpg,20.433977054086796,Final
Bacterial_Canker,Bc253.jpg,12.601233204491072,Final
Bacterial_Canker,Bc254.jpg,44.08160528389184,Final
Bacterial_Canker,Bc255.jpg,55.11023793931456,Final
Bacterial_Canker,Bc256.jpg,32.904574957091285,Final
Bacterial_Canker,Bc257.jpg,41.156590311678556,Final
Bacterial_Canker,Bc258.jpg,50.07442691277166,Final
Bacterial_Canker,Bc259.jpg,11.70433080721877,Intermediate
Bacterial_Canker,Bc26.jpg,35.80934695140823,Final
Bacterial_Canker,Bc260.jpg,47.91533942096694,Final
Bacterial_Canker,Bc261.jpg,12.962375339981868,Final
Bacterial_Canker,Bc262.jpg,39.90401228642734,Final
Bacterial_Canker,Bc263.jpg,12.174230389420806,Final
Bacterial_Canker,Bc264.jpg,50.58241881718416,Final
Bacterial_Canker,Bc265.jpg,20.43233563571246,Final
Bacterial_Canker,Bc266.jpg,51.023283263845265,Final
Bacterial_Canker,Bc267.jpg,18.388375165125495,Final
Bacterial_Canker,Bc268.jpg,16.174091465098844,Final
Bacterial_Canker,Bc269.jpg,18.474181186045595,Final
Bacterial_Canker,Bc27.jpg,48.87271233626945,Final
Bacterial_Canker,Bc270.jpg,19.71483241775199,Final
Bacterial_Canker,Bc271.jpg,23.4398005457508,Final
Bacterial_Canker,Bc272.jpg,60.75298000303972,Final
Bacterial_Canker,Bc273.jpg,35.96589878469073,Final
Bacterial_Canker,Bc274.jpg,14.569403135272937,Final
Bacterial_Canker,Bc275.jpg,24.68141923069371,Final
Bacterial_Canker,Bc276.jpg,14.614621237181607,Final
Bacterial_Canker,Bc277.jpg,30.989002537875876,Final
Bacterial_Canker,Bc278.jpg,38.043078255222426,Final
Bacterial_Canker,Bc279.jpg,42.496667946777514,Final
Bacterial_Canker,Bc28.jpg,37.46031746031746,Final
Bacterial_Canker,Bc280.jpg,8.728284364742615,Intermediate
Bacterial_Canker,Bc281.jpg,22.04921665735263,Final
Bacterial_Canker,Bc282.jpg,7.492055280467076,Intermediate
Bacterial_Canker,Bc283.jpg,9.92515391734739,Intermediate
Bacterial_Canker,Bc284.jpg,15.416468249860246,Final
Bacterial_Canker,Bc285.jpg,33.022751895991334,Final
Bacterial_Canker,Bc286.jpg,25.24829270902056,Final
Bacterial_Canker,Bc287.jpg,23.502515735302556,Final
Bacterial_Canker,Bc288.jpg,7.9866332497911445,Intermediate
Bacterial_Canker,Bc289.jpg,9.635624379900005,Intermediate
Bacterial_Canker,Bc29.jpg,29.528670301202492,Final
Bacterial_Canker,Bc290.jpg,10.052343564120866,Intermediate
Bacterial_Canker,Bc291.jpg,15.135060147842802,Final
Bacterial_Canker,Bc292.jpg,17.62644073628075,Final
Bacterial_Canker,Bc293.jpg,56.07245434914778,Final
Bacterial_Canker,Bc294.jpg,17.37669250344814,Final
Bacterial_Canker,Bc295.jpg,49.834208083066486,Final
Bacterial_Canker,Bc296.jpg,51.91482723656501,Final
Bacterial_Canker,Bc297.jpg,30.61088362268626,Final
Bacterial_Canker,Bc298.jpg,11.45311142303322,Intermediate
Bacterial_Canker,Bc299.jpg,53.8978372587118,Final
Bacterial_Canker,Bc3.jpg,58.208005985783764,Final
Bacterial_Canker,Bc30.jpg,34.715775232674766,Final
Bacterial_Canker,Bc300.jpg,5.955330185027483,Intermediate
Bacterial_Canker,Bc31.jpg,15.71893958605622,Final
Bacterial_Canker,Bc32.jpg,56.348358756322156,Final
Bacterial_Canker,Bc33.jpg,14.918103448275863,Final
Bacterial_Canker,Bc34.jpg,29.051259809162616,Final
Bacterial_Canker,Bc35.jpg,23.341149121224873,Final
Bacterial_Canker,Bc36.jpg,11.006216456233831,Intermediate
Bacterial_Canker,Bc37.jpg,22.64700460829493,Final
Bacterial_Canker,Bc38.jpg,13.903686903317686,Final
Bacterial_Canker,Bc39.jpg,65.05770084332002,Final
Bacterial_Canker,Bc4.jpg,51.84919724770643,Final
Bacterial_Canker,Bc40.jpg,42.682836648672634,Final
Bacterial_Canker,Bc41.jpg,36.18494199584636,Final
Bacterial_Canker,Bc42.jpg,34.10251665433013,Final
Bacterial_Canker,Bc43.jpg,17.24487334137515,Final
Bacterial_Canker,Bc44.jpg,33.73713785302488,Final
Bacterial_Canker,Bc45.jpg,31.731220657276992,Final
Bacterial_Canker,Bc46.jpg,29.954293176624226,Final
Bacterial_Canker,Bc47.jpg,18.328645700161935,Final
Bacterial_Canker,Bc48.jpg,53.71616078753077,Final
Bacterial_Canker,Bc49.jpg,10.180768265126789,Intermediate
Bacterial_Canker,Bc5.jpg,5.398920215956808,Intermediate
Bacterial_Canker,Bc50.jpg,37.422587645782244,Final
Bacterial_Canker,Bc51.jpg,10.351252230873326,Intermediate
Bacterial_Canker,Bc52.jpg,38.49057361415062,Final
Bacterial_Canker,Bc53.jpg,42.47596663263143,Final
Bacterial_Canker,Bc54.jpg,27.520887075039465,Final
Bacterial_Canker,Bc55.jpg,27.264009442081193,Final
Bacterial_Canker,Bc56.jpg,13.478733687771872,Final
Bacterial_Canker,Bc57.jpg,49.384827693443995,Final
Bacterial_Canker,Bc58.jpg,18.198533167174,Final
Bacterial_Canker,Bc59.jpg,18.309024323122845,Final
Bacterial_Canker,Bc6.jpg,22.44386828227243,Final
Bacterial_Canker,Bc60.jpg,48.21917808219178,Final
Bacterial_Canker,Bc61.jpg,10.183525782082983,Intermediate
Bacterial_Canker,Bc62.jpg,16.129160536048037,Final
Bacterial_Canker,Bc63.jpg,18.09395529089276,Final
Bacterial_Canker,Bc64.jpg,12.798205046018591,Final
Bacterial_Canker,Bc65.jpg,16.797282542763554,Final
Bacterial_Canker,Bc66.jpg,67.75524981897176,Final
Bacterial_Canker,Bc67.jpg,8.698554822494502,Intermediate
Bacterial_Canker,Bc68.jpg,46.570513427970354,Final
Bacterial_Canker,Bc69.jpg,54.68609759554065,Final
Bacterial_Canker,Bc7.jpg,37.724963403082754,Final
Bacterial_Canker,Bc70.jpg,25.201831044527673,Final
Bacterial_Canker,Bc71.jpg,22.45055495284987,Final
Bacterial_Canker,Bc72.jpg,16.497150157232703,Final
Bacterial_Canker,Bc73.jpg,21.90553109449496,Final
Bacterial_Canker,Bc74.jpg,40.74501532216341,Final
Bacterial_Canker,Bc75.jpg,50.47845535360399,Final
Bacterial_Canker,Bc76.jpg,42.93099396882588,Final
Bacterial_Canker,Bc77.jpg,28.922852590932415,Final
Bacterial_Canker,Bc78.jpg,50.79454935101694,Final
Bacterial_Canker,Bc79.jpg,13.20802803440586,Final
Bacterial_Canker,Bc8.jpg,11.676445753133999,Intermediate
Bacterial_Canker,Bc80.jpg,58.77947172487148,Final
Bacterial_Canker,Bc81.jpg,29.234913793103452,Final
Bacterial_Canker,Bc82.jpg,21.807800529893818,Final
Bacterial_Canker,Bc83.jpg,45.1124708751606,Final
Bacterial_Canker,Bc84.jpg,6.097319260690749,Intermediate
Bacterial_Canker,Bc85.jpg,23.051375898061544,Final
Bacterial_Canker,Bc86.jpg,37.08470626786332,Final
Bacterial_Canker,Bc87.jpg,25.05042002069413,Final
Bacterial_Canker,Bc88.jpg,24.733839540396126,Final
Bacterial_Canker,Bc89.jpg,16.19071644803229,Final
Bacterial_Canker,Bc9.jpg,33.144432864339066,Final
Bacterial_Canker,Bc90.jpg,42.893826057831866,Final
Bacterial_Canker,Bc91.jpg,52.875475285171106,Final
Bacterial_Canker,Bc92.jpg,52.52968404105454,Final
Bacterial_Canker,Bc93.jpg,7.2452636968765995,Intermediate
Bacterial_Canker,Bc94.jpg,20.714405994779828,Final
Bacterial_Canker,Bc95.jpg,17.163456639152145,Final
Bacterial_Canker,Bc96.jpg,19.13306593483921,Final
Bacterial_Canker,Bc97.jpg,66.37652047762526,Final
Bacterial_Canker,Bc98.jpg,13.440711462450594,Final
Bacterial_Canker,Bc99.jpg,18.847269310894163,Final
Scab,Sc1.jpg,57.37007023230686,Final
Scab,Sc10.jpg,48.30555046711852,Final
Scab,Sc100.jpg,50.74648640762535,Final
Scab,Sc101.jpg,13.922676823524593,Final
Scab,Sc102.jpg,65.17226286500343,Final
Scab,Sc103.jpg,19.27445432497979,Final
Scab,Sc104.jpg,30.031666109395587,Final
Scab,Sc105.jpg,30.548348036671857,Final
Scab,Sc106.jpg,15.539084889811248,Final
Scab,Sc107.jpg,33.180031775232045,Final
Scab,Sc108.jpg,49.64179037437959,Final
Scab,Sc109.jpg,34.079438638623614,Final
Scab,Sc11.jpg,7.577260284841512,Intermediate
Scab,Sc110.jpg,24.929135064736077,Final
Scab,Sc111.jpg,63.45473137733029,Final
Scab,Sc112.jpg,7.225864428241733,Intermediate
Scab,Sc113.jpg,16.82694218160143,Final
Scab,Sc114.jpg,58.41809625018976,Final
Scab,Sc115.jpg,61.39835369412522,Final
Scab,Sc116.jpg,48.92450771548813,Final
Scab,Sc117.jpg,62.75714470212726,Final
Scab,Sc118.jpg,33.065762362637365,Final
Scab,Sc119.jpg,6.366540227590338,Intermediate
Scab,Sc12.jpg,37.88284404918553,Final
Scab,Sc120.jpg,32.82631690289824,Final
Scab,Sc121.jpg,15.112982214966921,Final
Scab,Sc122.jpg,52.878853512381774,Final
Scab,Sc123.jpg,20.03712406942991,Final
Scab,Sc124.jpg,6.5345051028673256,Intermediate
Scab,Sc125.jpg,20.02082637483545,Final
Scab,Sc126.jpg,19.32535236185646,Final
Scab,Sc127.jpg,27.226457593346616,Final
Scab,Sc128.jpg,4.485057166821171,Intermediate
Scab,Sc129.jpg,4.901625320786997,Intermediate
Scab,Sc13.jpg,6.1965948560591535,Intermediate
Scab,Sc130.jpg,55.03339974217742,Final
Scab,Sc131.jpg,28.634017904160086,Final
Scab,Sc132.jpg,62.315436971317986,Final
Scab,Sc133.jpg,13.083994985374007,Final
Scab,Sc134.jpg,16.561479869423287,Final
Scab,Sc135.jpg,28.060236757751756,Final
Scab,Sc136.jpg,77.83035365276606,Final
Scab,Sc137.jpg,54.485077414802205,Final
Scab,Sc138.jpg,57.68698659749243,Final
Scab,Sc139.jpg,61.9469215799491,Final
Scab,Sc14.jpg,23.582343858154516,Final
Scab,Sc140.jpg,54.952644484938475,Final
Scab,Sc141.jpg,31.05796457070648,Final
Scab,Sc142.jpg,26.785635212327858,Final
Scab,Sc143.jpg,29.16257283217183,Final
Scab,Sc144.jpg,59.38168134781493,Final
Scab,Sc145.jpg,59.787690656855986,Final
Scab,Sc146.jpg,37.34885151431763,Final
Scab,Sc147.jpg,23.565149168158683,Final
Scab,Sc148.jpg,17.84956196210104,Final
Scab,Sc149.jpg,7.973345145696512,Intermediate
Scab,Sc15.jpg,62.1062643779862,Final
Scab,Sc150.jpg,9.810711478404963,Intermediate
Scab,Sc151.jpg,59.7922310629493,Final
Scab,Sc152.jpg,22.8834104132478,Final
Scab,Sc153.jpg,63.8149448952404,Final
Scab,Sc154.jpg,8.812928455322858,Intermediate
Scab,Sc155.jpg,7.390426885447286,Intermediate
Scab,Sc156.jpg,22.91463293156689,Final
Scab,Sc157.jpg,13.096804225950736,Final
Scab,Sc158.jpg,10.349762195378593,Intermediate
Scab,Sc159.jpg,22.534663477432275,Final
Scab,Sc16.jpg,53.69964883288577,Final
Scab,Sc160.jpg,22.513542795232937,Final
Scab,Sc161.jpg,24.95522939167359,Final
Scab,Sc162.jpg,7.6175521982685455,Intermediate
Scab,Sc163.jpg,21.507991660875607,Final
Scab,Sc164.jpg,55.31580259700405,Final
Scab,Sc165.jpg,57.67623237676233,Final
Scab,Sc166.jpg,26.95341499628805,Final
Scab,Sc167.jpg,8.13492466909298,Intermediate
Scab,Sc168.jpg,27.655995758451102,Final
Scab,Sc169.jpg,20.75524267696937,Final
Scab,Sc17.jpg,15.14946962391514,Final
Scab,Sc170.jpg,55.90624867072185,Final
Scab,Sc171.jpg,2.7945757742349278,Early
Scab,Sc172.jpg,51.32361443792847,Final
Scab,Sc173.jpg,6.639735749676383,Intermediate
Scab,Sc174.jpg,53.64757121281304,Final
Scab,Sc175.jpg,57.19379112004097,Final
Scab,Sc176.jpg,17.563415345280013,Final
Scab,Sc177.jpg,19.13629867809932,Final
Scab,Sc178.jpg,20.964232452387353,Final
Scab,Sc179.jpg,62.63123580854747,Final
Scab,Sc18.jpg,58.06228518735854,Final
Scab,Sc180.jpg,34.24638431810032,Final
Scab,Sc181.jpg,18.134378732021393,Final
Scab,Sc182.jpg,10.943521724670854,Intermediate
Scab,Sc183.jpg,34.30229554495514,Final
Scab,Sc184.jpg,11.563710161734557,Intermediate
Scab,Sc185.jpg,17.06342736018262,Final
Scab,Sc186.jpg,16.767595494198357,Final
Scab,Sc187.jpg,25.676386592514653,Final
Scab,Sc188.jpg,14.914621666633224,Final
Scab,Sc189.jpg,13.358747502752069,Final
Scab,Sc19.jpg,46.24638087232651,Final
Scab,Sc190.jpg,15.236060073494167,Final
Scab,Sc191.jpg,55.97504040222662,Final
Scab,Sc192.jpg,10.0468418509883,Intermediate
Scab,Sc193.jpg,12.586269524155465,Final
Scab,Sc194.jpg,14.896903379484888,Final
Scab,Sc195.jpg,36.099602694031915,Final
Scab,Sc196.jpg,9.25145534016739,Intermediate
Scab,Sc197.jpg,36.60515194631442,Final
Scab,Sc198.jpg,15.482903419316138,Final
Scab,Sc199.jpg,78.12166269613078,Final
Scab,Sc2.jpg,58.65819785171804,Final
Scab,Sc20.jpg,11.54673921871193,Intermediate
Scab,Sc200.jpg,78.61657167228879,Final
Scab,Sc201.jpg,61.04070660522274,Final
Scab,Sc202.jpg,6.029893126158457,Intermediate
Scab,Sc203.jpg,10.4680886728408,Intermediate
Scab,Sc204.jpg,33.59304556909347,Final
Scab,Sc205.jpg,27.69780183217621,Final
Scab,Sc206.jpg,43.80959779378921,Final
Scab,Sc207.jpg,23.29879585550266,Final
Scab,Sc208.jpg,37.47362008572112,Final
Scab,Sc209.jpg,18.629309323539864,Final
Scab,Sc21.jpg,34.325918261769274,Final
Scab,Sc210.jpg,24.98817407757805,Final
Scab,Sc211.jpg,28.59524048599257,Final
Scab,Sc212.jpg,70.00032402307043,Final
Scab,Sc213.jpg,7.4718345569592355,Intermediate
Scab,Sc214.jpg,44.802192564346996,Final
Scab,Sc215.jpg,19.84022786443846,Final
Scab,Sc216.jpg,76.41659603497818,Final
Scab,Sc217.jpg,37.88078087483036,Final
Scab,Sc218.jpg,28.322411816864552,Final
Scab,Sc219.jpg,29.639502411779638,Final
Scab,Sc22.jpg,64.33175413269352,Final
Scab,Sc220.jpg,19.098025427022225,Final
Scab,Sc221.jpg,10.100420599303698,Intermediate
Scab,Sc222.jpg,11.06056930292738,Intermediate
Scab,Sc223.jpg,21.5412960136971,Final
Scab,Sc224.jpg,33.023192039489146,Final
Scab,Sc225.jpg,18.806239327718195,Final
Scab,Sc226.jpg,14.199152874735274,Final
Scab,Sc227.jpg,50.59408391435291,Final
Scab,Sc228.jpg,24.210550281173873,Final
Scab,Sc229.jpg,23.881596299377144,Final
Scab,Sc23.jpg,39.14713058236979,Final
Scab,Sc230.jpg,41.779562938253115,Final
Scab,Sc231.jpg,55.51634016127951,Final
Scab,Sc232.jpg,57.31325200534759,Final
Scab,Sc233.jpg,24.182705142829406,Final
Scab,Sc234.jpg,24.393287167009795,Final
Scab,Sc235.jpg,24.481444239178728,Final
Scab,Sc236.jpg,28.285554935861683,Final
Scab,Sc237.jpg,69.22878970647366,Final
Scab,Sc238.jpg,26.6408203042244,Final
Scab,Sc239.jpg,26.44467140108781,Final
Scab,Sc24.jpg,27.401177816379274,Final
Scab,Sc240.jpg,11.580034818541831,Intermediate
Scab,Sc241.jpg,26.49925852694019,Final
Scab,Sc242.jpg,21.46243158449172,Final
Scab,Sc243.jpg,26.573948439620082,Final
Scab,Sc244.jpg,6.332725022549451,Intermediate
Scab,Sc245.jpg,20.245536339938898,Final
Scab,Sc246.jpg,73.4322033898305,Final
Scab,Sc247.jpg,17.414500683994525,Final
Scab,Sc248.jpg,13.498321492700446,Final
Scab,Sc249.jpg,41.717376605814735,Final
Scab,Sc25.jpg,72.23589764805659,Final
Scab,Sc250.jpg,12.031292149986513,Final
Scab,Sc251.jpg,41.52127526044935,Final
Scab,Sc252.jpg,18.766449497346507,Final
Scab,Sc253.jpg,62.36222846053846,Final
Scab,Sc254.jpg,52.21377352134367,Final
Scab,Sc255.jpg,16.189819602435943,Final
Scab,Sc256.jpg,12.710292063624424,Final
Scab,Sc257.jpg,20.246121167343922,Final
Scab,Sc258.jpg,14.92052291465498,Final
Scab,Sc259.jpg,16.131790970878157,Final
Scab,Sc26.jpg,8.239434956180759,Intermediate
Scab,Sc260.jpg,15.110880682487688,Final
Scab,Sc261.jpg,49.41094304251135,Final
Scab,Sc262.jpg,9.778892181445178,Intermediate
Scab,Sc263.jpg,47.07575134690698,Final
Scab,Sc264.jpg,15.842517564139975,Final
Scab,Sc265.jpg,47.685447753896696,Final
Scab,Sc266.jpg,6.061290905803652,Intermediate
Scab,Sc267.jpg,6.686349426884335,Intermediate
Scab,Sc268.jpg,16.462567309362516,Final
Scab,Sc269.jpg,50.80124615666551,Final
Scab,Sc27.jpg,23.60906287706127,Final
Scab,Sc270.jpg,12.1006208862952,Final
Scab,Sc271.jpg,13.348315781221418,Final
Scab,Sc272.jpg,15.473512540771567,Final
Scab,Sc273.jpg,25.331298858743363,Final
Scab,Sc274.jpg,52.9754004472646,Final
Scab,Sc275.jpg,7.585439838220425,Intermediate
Scab,Sc276.jpg,18.232692834500842,Final
Scab,Sc277.jpg,28.33351474910199,Final
Scab,Sc278.jpg,66.27041533010461,Final
Scab,Sc279.jpg,15.212368935489604,Final
Scab,Sc28.jpg,7.403747169034383,Intermediate
Scab,Sc280.jpg,46.89383807253203,Final
Scab,Sc281.jpg,44.84630707338984,Final
Scab,Sc282.jpg,22.624884931146553,Final
Scab,Sc283.jpg,14.980060732447956,Final
Scab,Sc284.jpg,43.096520950212,Final
Scab,Sc285.jpg,51.16748464954214,Final
Scab,Sc286.jpg,66.30881621324396,Final
Scab,Sc287.jpg,5.894584408592169,Intermediate
Scab,Sc288.jpg,56.44909063644737,Final
Scab,Sc289.jpg,67.62786143876171,Final
Scab,Sc29.jpg,23.729298088467914,Final
Scab,Sc290.jpg,16.513600596190518,Final
Scab,Sc291.jpg,37.33657078819574,Final
Scab,Sc292.jpg,15.884550223510441,Final
Scab,Sc293.jpg,28.884676145339654,Final
Scab,Sc294.jpg,65.39743850376092,Final
Scab,Sc295.jpg,40.00588940538039,Final
Scab,Sc296.jpg,39.706455917068666,Final
Scab,Sc297.jpg,72.40622903863236,Final
Scab,Sc298.jpg,56.15334026348728,Final
Scab,Sc299.jpg,18.922140117450756,Final
Scab,Sc3.jpg,24.87411487018096,Final
Scab,Sc30.jpg,50.85237577076532,Final
Scab,Sc300.jpg,28.5741048638269,Final
Scab,Sc31.jpg,37.084096925269805,Final
Scab,Sc32.jpg,17.47649654643131,Final
Scab,Sc33.jpg,17.380858777792337,Final
Scab,Sc34.jpg,55.9383536510784,Final
Scab,Sc35.jpg,36.33873980978261,Final
Scab,Sc36.jpg,8.164519288004762,Intermediate
Scab,Sc37.jpg,54.236328907963305,Final
Scab,Sc38.jpg,12.180185084376701,Final
Scab,Sc39.jpg,12.098517107825305,Final
Scab,Sc4.jpg,57.37253797317501,Final
Scab,Sc40.jpg,55.47992436881326,Final
Scab,Sc41.jpg,38.6021186021186,Final
Scab,Sc42.jpg,4.930996056917538,Intermediate
Scab,Sc43.jpg,13.875531395916092,Final
Scab,Sc44.jpg,57.40095823043965,Final
Scab,Sc45.jpg,43.457523029682704,Final
Scab,Sc46.jpg,19.36821103968078,Final
Scab,Sc47.jpg,8.122750449910018,Intermediate
Scab,Sc48.jpg,27.258518286964676,Final
Scab,Sc49.jpg,20.61516420048801,Final
Scab,Sc5.jpg,6.914043776961176,Intermediate
Scab,Sc50.jpg,51.20736196319018,Final
Scab,Sc51.jpg,7.804269476018852,Intermediate
Scab,Sc52.jpg,11.755850876161354,Intermediate
Scab,Sc53.jpg,4.706034753964876,Intermediate
Scab,Sc54.jpg,13.040616573600289,Final
Scab,Sc55.jpg,4.783845278725825,Intermediate
Scab,Sc56.jpg,21.808926346027924,Final
Scab,Sc57.jpg,35.03936077161296,Final
Scab,Sc58.jpg,76.76389605919807,Final
Scab,Sc59.jpg,13.133180968211095,Final
Scab,Sc6.jpg,12.148892929725104,Final
Scab,Sc60.jpg,34.235004811290494,Final
Scab,Sc61.jpg,38.19896793841468,Final
Scab,Sc62.jpg,31.59393971763784,Final
Scab,Sc63.jpg,26.906872003486853,Final
Scab,Sc64.jpg,21.547450424929178,Final
Scab,Sc65.jpg,14.810888738127545,Final
Scab,Sc66.jpg,22.072438197569532,Final
Scab,Sc67.jpg,55.45530042870289,Final
Scab,Sc68.jpg,5.485868708478775,Intermediate
Scab,Sc69.jpg,15.32120943298588,Final
Scab,Sc7.jpg,42.07098937954164,Final
Scab,Sc70.jpg,15.086450006807087,Final
Scab,Sc71.jpg,31.38323516465089,Final
Scab,Sc72.jpg,45.28502415458937,Final
Scab,Sc73.jpg,42.79094132817537,Final
Scab,Sc74.jpg,42.37169019615949,Final
Scab,Sc75.jpg,51.961394769613946,Final
Scab,Sc76.jpg,39.04339377050984,Final
Scab,Sc77.jpg,52.267982952074455,Final
Scab,Sc78.jpg,46.20835725172707,Final
Scab,Sc79.jpg,59.04113153102013,Final
Scab,Sc8.jpg,12.804541693481658,Final
Scab,Sc80.jpg,44.01381427475057,Final
Scab,Sc81.jpg,48.19878472222222,Final
Scab,Sc82.jpg,57.9423530618525,Final
Scab,Sc83.jpg,54.20614856128297,Final
Scab,Sc84.jpg,25.038473376423514,Final
Scab,Sc85.jpg,67.94076999012833,Final
Scab,Sc86.jpg,59.529628676785876,Final
Scab,Sc87.jpg,44.6951524237881,Final
Scab,Sc88.jpg,61.02589375551859,Final
Scab,Sc89.jpg,52.00653791560927,Final
Scab,Sc9.jpg,94.38198132210218,Final
Scab,Sc90.jpg,71.80746209813267,Final
Scab,Sc91.jpg,23.61360679100316,Final
Scab,Sc92.jpg,26.0598947964038,Final
Scab,Sc93.jpg,37.84786641929499,Final
Scab,Sc94.jpg,52.49672127938615,Final
Scab,Sc95.jpg,36.41359155364383,Final
Scab,Sc96.jpg,37.92719979347459,Final
Scab,Sc97.jpg,44.64092245782387,Final
Scab,Sc98.jpg,41.898548795100524,Final
Scab,Sc99.jpg,63.2049561177078,Final
Stem_End_Rot,Se1.jpg,14.237584631831288,Final
Stem_End_Rot,Se10.jpg,11.092585491104924,Intermediate
Stem_End_Rot,Se100.jpg,8.23014924614172,Intermediate
Stem_End_Rot,Se101.jpg,7.603401164270804,Intermediate
Stem_End_Rot,Se102.jpg,3.1097833501917154,Intermediate
Stem_End_Rot,Se103.jpg,14.7567630326251,Final
Stem_End_Rot,Se104.jpg,11.924168641441629,Intermediate
Stem_End_Rot,Se105.jpg,15.581537097578547,Final
Stem_End_Rot,Se106.jpg,3.2562060889929745,Intermediate
Stem_End_Rot,Se107.jpg,4.8225770455882655,Intermediate
Stem_End_Rot,Se108.jpg,16.28558414939649,Final
Stem_End_Rot,Se109.jpg,16.804165539626727,Final
Stem_End_Rot,Se11.jpg,13.086034812517077,Final
Stem_End_Rot,Se110.jpg,13.463229179042413,Final
Stem_End_Rot,Se111.jpg,21.961234224986413,Final
Stem_End_Rot,Se112.jpg,7.157119566212973,Intermediate
Stem_End_Rot,Se113.jpg,4.572551695011614,Intermediate
Stem_End_Rot,Se114.jpg,28.843565586499636,Final
Stem_End_Rot,Se115.jpg,14.404368575624083,Final
Stem_End_Rot,Se116.jpg,16.729771420558126,Final
Stem_End_Rot,Se117.jpg,8.529588635883433,Intermediate
Stem_End_Rot,Se118.jpg,4.728279290475652,Intermediate
Stem_End_Rot,Se119.jpg,6.968122026782238,Intermediate
Stem_End_Rot,Se12.jpg,3.8729391699829447,Intermediate
Stem_End_Rot,Se120.jpg,19.26112262010457,Final
Stem_End_Rot,Se121.jpg,10.55393999574438,Intermediate
Stem_End_Rot,Se122.jpg,12.59821665048115,Final
Stem_End_Rot,Se123.jpg,22.532545547308306,Final
Stem_End_Rot,Se124.jpg,18.258374186495395,Final
Stem_End_Rot,Se125.jpg,19.054770645603885,Final
Stem_End_Rot,Se126.jpg,8.125619721680856,Intermediate
Stem_End_Rot,Se127.jpg,5.456507912032843,Intermediate
Stem_End_Rot,Se128.jpg,13.333182803468208,Final
Stem_End_Rot,Se129.jpg,11.652083921347257,Intermediate
Stem_End_Rot,Se13.jpg,13.041422516422093,Final
Stem_End_Rot,Se130.jpg,5.6372862564496184,Intermediate
Stem_End_Rot,Se131.jpg,16.463833096948346,Final
Stem_End_Rot,Se132.jpg,9.511629493213288,Intermediate
Stem_End_Rot,Se133.jpg,5.849605739618938,Intermediate
Stem_End_Rot,Se134.jpg,11.015257731958764,Intermediate
Stem_End_Rot,Se135.jpg,6.691455985126408,Intermediate
Stem_End_Rot,Se136.jpg,12.035035648611156,Final
Stem_End_Rot,Se137.jpg,7.75082931092704,Intermediate
Stem_End_Rot,Se138.jpg,10.24763164549575,Intermediate
Stem_End_Rot,Se139.jpg,6.707785600066455,Intermediate
Stem_End_Rot,Se14.jpg,19.585943884500136,Final
Stem_End_Rot,Se140.jpg,5.0408764993633985,Intermediate
Stem_End_Rot,Se141.jpg,4.455120008767763,Intermediate
Stem_End_Rot,Se142.jpg,13.004094800843777,Final
Stem_End_Rot,Se143.jpg,7.40217962184874,Intermediate
Stem_End_Rot,Se144.jpg,7.794263772167674,Intermediate
Stem_End_Rot,Se145.jpg,7.468806841752561,Intermediate
Stem_End_Rot,Se146.jpg,5.488127495149989,Intermediate
Stem_End_Rot,Se147.jpg,9.202776609171224,Intermediate
Stem_End_Rot,Se148.jpg,5.347616965456931,Intermediate
Stem_End_Rot,Se149.jpg,6.817376172214881,Intermediate
Stem_End_Rot,Se15.jpg,17.88737987451354,Final
Stem_End_Rot,Se150.jpg,18.471653317331523,Final
Stem_End_Rot,Se151.jpg,9.301480306634947,Intermediate
Stem_End_Rot,Se152.jpg,13.712441221009005,Final
Stem_End_Rot,Se153.jpg,63.80354883007081,Final
Stem_End_Rot,Se154.jpg,15.223747349626157,Final
Stem_End_Rot,Se155.jpg,2.452284170555862,Early
Stem_End_Rot,Se156.jpg,7.389316692450763,Intermediate
Stem_End_Rot,Se157.jpg,8.356638700226394,Intermediate
Stem_End_Rot,Se158.jpg,5.405676126878131,Intermediate
Stem_End_Rot,Se159.jpg,13.739105676911153,Final
Stem_End_Rot,Se16.jpg,15.793748781597245,Final
Stem_End_Rot,Se160.jpg,6.622541251048755,Intermediate
Stem_End_Rot,Se161.jpg,11.543455167801078,Intermediate
Stem_End_Rot,Se162.jpg,10.719736996595044,Intermediate
Stem_End_Rot,Se163.jpg,6.343776145765548,Intermediate
Stem_End_Rot,Se164.jpg,8.723374922451232,Intermediate
Stem_End_Rot,Se165.jpg,11.927681799919647,Intermediate
Stem_End_Rot,Se166.jpg,9.203472044932347,Intermediate
Stem_End_Rot,Se167.jpg,6.36220935936427,Intermediate
Stem_End_Rot,Se168.jpg,24.404156533274378,Final
Stem_End_Rot,Se169.jpg,12.7197874294712,Final
Stem_End_Rot,Se17.jpg,25.634134317202335,Final
Stem_End_Rot,Se170.jpg,3.9847501741266176,Intermediate
Stem_End_Rot,Se171.jpg,8.381737133594488,Intermediate
Stem_End_Rot,Se172.jpg,8.636105476673428,Intermediate
Stem_End_Rot,Se173.jpg,8.459742281414858,Intermediate
Stem_End_Rot,Se174.jpg,3.7926857927942583,Intermediate
Stem_End_Rot,Se175.jpg,2.096486827766342,Early
Stem_End_Rot,Se176.jpg,8.853284795123603,Intermediate
Stem_End_Rot,Se177.jpg,2.400730090143783,Early
Stem_End_Rot,Se178.jpg,5.889821541934118,Intermediate
Stem_End_Rot,Se179.jpg,9.981154215410875,Intermediate
Stem_End_Rot,Se18.jpg,18.929049531459167,Final
Stem_End_Rot,Se180.jpg,14.374355938520905,Final
Stem_End_Rot,Se181.jpg,5.945366898768077,Intermediate
Stem_End_Rot,Se182.jpg,17.422537076271187,Final
Stem_End_Rot,Se183.jpg,27.64855355746677,Final
Stem_End_Rot,Se184.jpg,14.934979423868313,Final
Stem_End_Rot,Se185.jpg,8.55866989635342,Intermediate
Stem_End_Rot,Se186.jpg,3.7898171202884865,Intermediate
Stem_End_Rot,Se187.jpg,8.168448310205166,Intermediate
Stem_End_Rot,Se188.jpg,23.43031354306289,Final
Stem_End_Rot,Se189.jpg,21.57632888190626,Final
Stem_End_Rot,Se19.jpg,11.728257706725092,Intermediate
Stem_End_Rot,Se190.jpg,9.978885359924767,Intermediate
Stem_End_Rot,Se191.jpg,13.516541591797907,Final
Stem_End_Rot,Se192.jpg,14.065684504745821,Final
Stem_End_Rot,Se193.jpg,5.350740715686938,Intermediate
Stem_End_Rot,Se194.jpg,7.196290217930613,Intermediate
Stem_End_Rot,Se195.jpg,9.072529106922916,Intermediate
Stem_End_Rot,Se196.jpg,7.737182762732073,Intermediate
Stem_End_Rot,Se197.jpg,8.988894993590064,Intermediate
Stem_End_Rot,Se198.jpg,12.550337291917819,Final
Stem_End_Rot,Se199.jpg,12.408424908424909,Final
Stem_End_Rot,Se2.jpg,18.141423706590427,Final
Stem_End_Rot,Se20.jpg,13.921920755876977,Final
Stem_End_Rot,Se200.jpg,15.29659741041855,Final
Stem_End_Rot,Se201.jpg,5.9867811871387975,Intermediate
Stem_End_Rot,Se202.jpg,8.434347488694442,Intermediate
Stem_End_Rot,Se203.jpg,19.182405946138573,Final
Stem_End_Rot,Se204.jpg,11.955455946210954,Intermediate
Stem_End_Rot,Se205.jpg,22.317657330281506,Final
Stem_End_Rot,Se206.jpg,13.958435607920144,Final
Stem_End_Rot,Se207.jpg,7.103752423677907,Intermediate
Stem_End_Rot,Se208.jpg,6.812955915001585,Intermediate
Stem_End_Rot,Se209.jpg,17.97138931544492,Final
Stem_End_Rot,Se21.jpg,18.272292356677706,Final
Stem_End_Rot,Se210.jpg,20.199676942640135,Final
Stem_End_Rot,Se211.jpg,17.81930547380812,Final
Stem_End_Rot,Se212.jpg,5.921377268490597,Intermediate
Stem_End_Rot,Se213.jpg,10.949234488315875,Intermediate
Stem_End_Rot,Se214.jpg,8.518398967075532,Intermediate
Stem_End_Rot,Se215.jpg,20.433231643342534,Final
Stem_End_Rot,Se216.jpg,9.959079952913918,Intermediate
Stem_End_Rot,Se217.jpg,17.066962076036486,Final
Stem_End_Rot,Se218.jpg,9.543480812111255,Intermediate
Stem_End_Rot,Se219.jpg,20.10661497455779,Final
Stem_End_Rot,Se22.jpg,15.123198740962968,Final
Stem_End_Rot,Se220.jpg,15.481535623542515,Final
Stem_End_Rot,Se221.jpg,2.0587600690448795,Early
Stem_End_Rot,Se222.jpg,2.0562405748248027,Early
Stem_End_Rot,Se223.jpg,8.191538979771632,Intermediate
Stem_End_Rot,Se224.jpg,5.497399765140077,Intermediate
Stem_End_Rot,Se225.jpg,7.719743978111106,Intermediate
Stem_End_Rot,Se226.jpg,11.96850978499016,Intermediate
Stem_End_Rot,Se227.jpg,4.030546623794212,Intermediate
Stem_End_Rot,Se228.jpg,4.303359683794467,Intermediate
Stem_End_Rot,Se229.jpg,19.983700352604615,Final
Stem_End_Rot,Se23.jpg,12.006226892391515,Final
Stem_End_Rot,Se230.jpg,16.626395706691763,Final
Stem_End_Rot,Se231.jpg,21.535721734666048,Final
Stem_End_Rot,Se232.jpg,26.323591016015207,Final
Stem_End_Rot,Se233.jpg,14.744714700431352,Final
Stem_End_Rot,Se234.jpg,17.682285141568528,Final
Stem_End_Rot,Se235.jpg,12.369775209894376,Final
Stem_End_Rot,Se236.jpg,14.509379392803476,Final
Stem_End_Rot,Se237.jpg,21.67997963275308,Final
Stem_End_Rot,Se238.jpg,13.931758366685873,Final
Stem_End_Rot,Se239.jpg,4.491146781399967,Intermediate
Stem_End_Rot,Se24.jpg,6.972278891155646,Intermediate
Stem_End_Rot,Se240.jpg,5.660847880299252,Intermediate
Stem_End_Rot,Se241.jpg,15.8280497083439,Final
Stem_End_Rot,Se242.jpg,2.962172678350095,Early
Stem_End_Rot,Se243.jpg,17.402189931386374,Final
Stem_End_Rot,Se244.jpg,10.813431147593963,Intermediate
Stem_End_Rot,Se245.jpg,7.900857199813942,Intermediate
Stem_End_Rot,Se246.jpg,12.239843787207697,Final
Stem_End_Rot,Se247.jpg,23.056848752355947,Final
Stem_End_Rot,Se248.jpg,14.289974728845218,Final
Stem_End_Rot,Se249.jpg,8.36540223566062,Intermediate
Stem_End_Rot,Se25.jpg,11.800248800426514,Intermediate
Stem_End_Rot,Se250.jpg,15.999044738099027,Final
Stem_End_Rot,Se251.jpg,16.075834307232828,Final
Stem_End_Rot,Se252.jpg,16.397424220634996,Final
Stem_End_Rot,Se253.jpg,9.963154258643945,Intermediate
Stem_End_Rot,Se254.jpg,8.698029754724567,Intermediate
Stem_End_Rot,Se255.jpg,16.61176917717109,Final
Stem_End_Rot,Se256.jpg,20.33920165086735,Final
Stem_End_Rot,Se257.jpg,10.854066899506714,Intermediate
Stem_End_Rot,Se258.jpg,16.714405532433414,Final
Stem_End_Rot,Se259.jpg,7.620853689894575,Intermediate
Stem_End_Rot,Se26.jpg,18.556816589603475,Final
Stem_End_Rot,Se260.jpg,17.35647951058764,Final
Stem_End_Rot,Se261.jpg,5.643601422599363,Intermediate
Stem_End_Rot,Se262.jpg,13.106506490365232,Final
Stem_End_Rot,Se263.jpg,16.33201924361887,Final
Stem_End_Rot,Se264.jpg,24.697260403233418,Final
Stem_End_Rot,Se265.jpg,11.638792468707267,Intermediate
Stem_End_Rot,Se266.jpg,14.720264971018796,Final
Stem_End_Rot,Se267.jpg,10.711251462738245,Intermediate
Stem_End_Rot,Se268.jpg,9.075731497418245,Intermediate
Stem_End_Rot,Se269.jpg,14.056179227657466,Final
Stem_End_Rot,Se27.jpg,10.580028217588962,Intermediate
Stem_End_Rot,Se270.jpg,24.706689761103302,Final
Stem_End_Rot,Se271.jpg,11.292358640588882,Intermediate
Stem_End_Rot,Se272.jpg,22.162304353544656,Final
Stem_End_Rot,Se273.jpg,7.66514912199201,Intermediate
Stem_End_Rot,Se274.jpg,17.428877710893047,Final
Stem_End_Rot,Se275.jpg,8.197189807096928,Intermediate
Stem_End_Rot,Se276.jpg,9.716066251208051,Intermediate
Stem_End_Rot,Se277.jpg,8.724971470069509,Intermediate
Stem_End_Rot,Se278.jpg,14.517420387923242,Final
Stem_End_Rot,Se279.jpg,6.993757144113251,Intermediate
Stem_End_Rot,Se28.jpg,11.618117797695263,Intermediate
Stem_End_Rot,Se280.jpg,14.057412504915453,Final
Stem_End_Rot,Se281.jpg,16.46806294291261,Final
Stem_End_Rot,Se282.jpg,13.308855833804053,Final
Stem_End_Rot,Se283.jpg,17.657736503460235,Final
Stem_End_Rot,Se284.jpg,18.380023214229695,Final
Stem_End_Rot,Se285.jpg,20.988012842230937,Final
Stem_End_Rot,Se286.jpg,7.218321412166152,Intermediate
Stem_End_Rot,Se287.jpg,11.378124051401397,Intermediate
Stem_End_Rot,Se288.jpg,19.679714641350994,Final
Stem_End_Rot,Se289.jpg,21.164713140037016,Final
Stem_End_Rot,Se29.jpg,15.765631144317735,Final
Stem_End_Rot,Se290.jpg,14.230570070140752,Final
Stem_End_Rot,Se291.jpg,23.043891386178416,Final
Stem_End_Rot,Se292.jpg,15.15728660762467,Final
Stem_End_Rot,Se293.jpg,1.9187009629912803,Early
Stem_End_Rot,Se294.jpg,19.399283549187103,Final
Stem_End_Rot,Se295.jpg,9.79321043684914,Intermediate
Stem_End_Rot,Se296.jpg,15.752705283259072,Final
Stem_End_Rot,Se297.jpg,10.408014866284237,Intermediate
Stem_End_Rot,Se298.jpg,16.898070836712947,Final
Stem_End_Rot,Se299.jpg,26.457611093602267,Final
Stem_End_Rot,Se3.jpg,14.80437247983871,Final
Stem_End_Rot,Se30.jpg,13.743024272171048,Final
Stem_End_Rot,Se300.jpg,19.696423816162532,Final
Stem_End_Rot,Se31.jpg,12.76191134776295,Final
Stem_End_Rot,Se32.jpg,14.140079992558832,Final
Stem_End_Rot,Se33.jpg,16.308271372597417,Final
Stem_End_Rot,Se34.jpg,5.8453032874363595,Intermediate
Stem_End_Rot,Se35.jpg,7.743903439001591,Intermediate
Stem_End_Rot,Se36.jpg,10.950107031121357,Intermediate
Stem_End_Rot,Se37.jpg,11.500464061049808,Intermediate
Stem_End_Rot,Se38.jpg,37.62719703977798,Final
Stem_End_Rot,Se39.jpg,31.022874864155643,Final
Stem_End_Rot,Se4.jpg,22.911648828417846,Final
Stem_End_Rot,Se40.jpg,1.4920126547670194,Early
Stem_End_Rot,Se41.jpg,16.311356554468887,Final
Stem_End_Rot,Se42.jpg,8.717224533414756,Intermediate
Stem_End_Rot,Se43.jpg,15.298061278497638,Final
Stem_End_Rot,Se44.jpg,10.837171498238959,Intermediate
Stem_End_Rot,Se45.jpg,7.395645022068044,Intermediate
Stem_End_Rot,Se46.jpg,11.962013858029263,Intermediate
Stem_End_Rot,Se47.jpg,8.356638700226394,Intermediate
Stem_End_Rot,Se48.jpg,9.408248460926206,Intermediate
Stem_End_Rot,Se49.jpg,11.375018971012294,Intermediate
Stem_End_Rot,Se5.jpg,8.671791084854995,Intermediate
Stem_End_Rot,Se50.jpg,14.522585810583951,Final
Stem_End_Rot,Se51.jpg,21.168225452212326,Final
Stem_End_Rot,Se52.jpg,8.440522016712046,Intermediate
Stem_End_Rot,Se53.jpg,26.457611093602267,Final
Stem_End_Rot,Se54.jpg,23.40620981076612,Final
Stem_End_Rot,Se55.jpg,9.975946119307249,Intermediate
Stem_End_Rot,Se56.jpg,9.291158200801796,Intermediate
Stem_End_Rot,Se57.jpg,1.888359329867129,Early
Stem_End_Rot,Se58.jpg,82.96277581270002,Final
Stem_End_Rot,Se59.jpg,18.556816589603475,Final
Stem_End_Rot,Se6.jpg,18.521309687971012,Final
Stem_End_Rot,Se60.jpg,18.45069549221834,Final
Stem_End_Rot,Se61.jpg,15.989238711553844,Final
Stem_End_Rot,Se62.jpg,9.548602818246955,Intermediate
Stem_End_Rot,Se63.jpg,10.832245511194305,Intermediate
Stem_End_Rot,Se64.jpg,13.267378163959197,Final
Stem_End_Rot,Se65.jpg,9.056051310652538,Intermediate
Stem_End_Rot,Se66.jpg,8.325865410666278,Intermediate
Stem_End_Rot,Se67.jpg,7.648651656218703,Intermediate
Stem_End_Rot,Se68.jpg,2.523201856148492,Early
Stem_End_Rot,Se69.jpg,11.921564542590037,Intermediate
Stem_End_Rot,Se7.jpg,24.05401161877846,Final
Stem_End_Rot,Se70.jpg,11.652083921347257,Intermediate
Stem_End_Rot,Se71.jpg,19.35082962102137,Final
Stem_End_Rot,Se72.jpg,8.28955569406108,Intermediate
Stem_End_Rot,Se73.jpg,6.15416734324619,Intermediate
Stem_End_Rot,Se74.jpg,17.900555020411907,Final
Stem_End_Rot,Se75.jpg,8.440522016712046,Intermediate
Stem_End_Rot,Se76.jpg,3.7040688074524977,Intermediate
Stem_End_Rot,Se77.jpg,11.014996739839166,Intermediate
Stem_End_Rot,Se78.jpg,23.40620981076612,Final
Stem_End_Rot,Se79.jpg,7.3768589434595535,Intermediate
Stem_End_Rot,Se8.jpg,9.284549980175338,Intermediate
Stem_End_Rot,Se80.jpg,12.465562452285326,Final
Stem_End_Rot,Se81.jpg,2.798108833022685,Early
Stem_End_Rot,Se82.jpg,10.750254611293425,Intermediate
Stem_End_Rot,Se83.jpg,18.4527623338776,Final
Stem_End_Rot,Se84.jpg,12.932354238563533,Final
Stem_End_Rot,Se85.jpg,5.919849898970461,Intermediate
Stem_End_Rot,Se86.jpg,15.988851187590889,Final
Stem_End_Rot,Se87.jpg,6.100475581198851,Intermediate
Stem_End_Rot,Se88.jpg,13.63126701906135,Final
Stem_End_Rot,Se89.jpg,13.62172756544869,Final
Stem_End_Rot,Se9.jpg,19.45281407601953,Final
Stem_End_Rot,Se90.jpg,14.027940452547064,Final
Stem_End_Rot,Se91.jpg,14.159499609069586,Final
Stem_End_Rot,Se92.jpg,9.548146732900268,Intermediate
Stem_End_Rot,Se93.jpg,5.499066920138828,Intermediate
Stem_End_Rot,Se94.jpg,16.174434702353484,Final
Stem_End_Rot,Se95.jpg,13.267378163959197,Final
Stem_End_Rot,Se96.jpg,9.056051310652538,Intermediate
Stem_End_Rot,Se97.jpg,7.729745813142906,Intermediate
Stem_End_Rot,Se98.jpg,15.011441647597254,Final
Stem_End_Rot,Se99.jpg,9.581015943641082,Intermediate
