Disease,Filename,Severity (Empty/Early/Intermediate/Final),Split (train/val/test)
Anthracnose,An1.jpg,,
Anthracnose,An10.jpg,,
Anthracnose,An100.jpg,,
Anthracnose,An101.jpg,,
Anthracnose,An102.jpg,,
Anthracnose,An103.jpg,,
Anthracnose,An104.jpg,,
Anthracnose,An105.jpg,,
Anthracnose,An106.jpg,,
Anthracnose,An107.jpg,,
Anthracnose,An108.jpg,,
Anthracnose,An109.jpg,,
Anthracnose,An11.jpg,,
Anthracnose,An110.jpg,,
Anthracnose,An111.jpg,,
Anthracnose,An112.jpg,,
Anthracnose,An113.jpg,,
Anthracnose,An114.jpg,,
Anthracnose,An115.jpg,,
Anthracnose,An116.jpg,,
Anthracnose,An117.jpg,,
Anthracnose,An118.jpg,,
Anthracnose,An119.jpg,,
Anthracnose,An12.jpg,,
Anthracnose,An120.jpg,,
Anthracnose,An121.jpg,,
Anthracnose,An122.jpg,,
Anthracnose,An123.jpg,,
Anthracnose,An124.jpg,,
Anthracnose,An125.jpg,,
Anthracnose,An126.jpg,,
Anthracnose,An127.jpg,,
Anthracnose,An128.jpg,,
Anthracnose,An129.jpg,,
Anthracnose,An13.jpg,,
Anthracnose,An130.jpg,,
Anthracnose,An131.jpg,,
Anthracnose,An132.jpg,,
Anthracnose,An133.jpg,,
Anthracnose,An134.jpg,,
Anthracnose,An135.jpg,,
Anthracnose,An136.jpg,,
Anthracnose,An137.jpg,,
Anthracnose,An138.jpg,,
Anthracnose,An139.jpg,,
Anthracnose,An14.jpg,,
Anthracnose,An140.jpg,,
Anthracnose,An141.jpg,,
Anthracnose,An142.jpg,,
Anthracnose,An143.jpg,,
Anthracnose,An144.jpg,,
Anthracnose,An145.jpg,,
Anthracnose,An146.jpg,,
Anthracnose,An147.jpg,,
Anthracnose,An148.jpg,,
Anthracnose,An149.jpg,,
Anthracnose,An15.jpg,,
Anthracnose,An150.jpg,,
Anthracnose,An151.jpg,,
Anthracnose,An152.jpg,,
Anthracnose,An153.jpg,,
Anthracnose,An154.jpg,,
Anthracnose,An155.jpg,,
Anthracnose,An156.jpg,,
Anthracnose,An157.jpg,,
Anthracnose,An158.jpg,,
Anthracnose,An159.jpg,,
Anthracnose,An16.jpg,,
Anthracnose,An160.jpg,,
Anthracnose,An161.jpg,,
Anthracnose,An162.jpg,,
Anthracnose,An163.jpg,,
Anthracnose,An164.jpg,,
Anthracnose,An165.jpg,,
Anthracnose,An166.jpg,,
Anthracnose,An167.jpg,,
Anthracnose,An168.jpg,,
Anthracnose,An169.jpg,,
Anthracnose,An17.jpg,,
Anthracnose,An170.jpg,,
Anthracnose,An171.jpg,,
Anthracnose,An172.jpg,,
Anthracnose,An173.jpg,,
Anthracnose,An174.jpg,,
Anthracnose,An175.jpg,,
Anthracnose,An176.jpg,,
Anthracnose,An177.jpg,,
Anthracnose,An178.jpg,,
Anthracnose,An179.jpg,,
Anthracnose,An18.jpg,,
Anthracnose,An180.jpg,,
Anthracnose,An181.jpg,,
Anthracnose,An182.jpg,,
Anthracnose,An183.jpg,,
Anthracnose,An184.jpg,,
Anthracnose,An185.jpg,,
Anthracnose,An186.jpg,,
Anthracnose,An187.jpg,,
Anthracnose,An188.jpg,,
Anthracnose,An189.jpg,,
Anthracnose,An19.jpg,,
Anthracnose,An190.jpg,,
Anthracnose,An191.jpg,,
Anthracnose,An192.jpg,,
Anthracnose,An193.jpg,,
Anthracnose,An194.jpg,,
Anthracnose,An195.jpg,,
Anthracnose,An196.jpg,,
Anthracnose,An197.jpg,,
Anthracnose,An198.jpg,,
Anthracnose,An199.jpg,,
Anthracnose,An2.jpg,,
Anthracnose,An20.jpg,,
Anthracnose,An200.jpg,,
Anthracnose,An201.jpg,,
Anthracnose,An202.jpg,,
Anthracnose,An203.jpg,,
Anthracnose,An204.jpg,,
Anthracnose,An205.jpg,,
Anthracnose,An206.jpg,,
Anthracnose,An207.jpg,,
Anthracnose,An208.jpg,,
Anthracnose,An209.jpg,,
Anthracnose,An21.jpg,,
Anthracnose,An210.jpg,,
Anthracnose,An211.jpg,,
Anthracnose,An212.jpg,,
Anthracnose,An213.jpg,,
Anthracnose,An214.jpg,,
Anthracnose,An215.jpg,,
Anthracnose,An216.jpg,,
Anthracnose,An217.jpg,,
Anthracnose,An218.jpg,,
Anthracnose,An219.jpg,,
Anthracnose,An22.jpg,,
Anthracnose,An220.jpg,,
Anthracnose,An221.jpg,,
Anthracnose,An222.jpg,,
Anthracnose,An223.jpg,,
Anthracnose,An224.jpg,,
Anthracnose,An225.jpg,,
Anthracnose,An226.jpg,,
Anthracnose,An227.jpg,,
Anthracnose,An228.jpg,,
Anthracnose,An229.jpg,,
Anthracnose,An23.jpg,,
Anthracnose,An230.jpg,,
Anthracnose,An231.jpg,,
Anthracnose,An232.jpg,,
Anthracnose,An233.jpg,,
Anthracnose,An234.jpg,,
Anthracnose,An235.jpg,,
Anthracnose,An236.jpg,,
Anthracnose,An237.jpg,,
Anthracnose,An238.jpg,,
Anthracnose,An239.jpg,,
Anthracnose,An24.jpg,,
Anthracnose,An240.jpg,,
Anthracnose,An241.jpg,,
Anthracnose,An242.jpg,,
Anthracnose,An243.jpg,,
Anthracnose,An244.jpg,,
Anthracnose,An245.jpg,,
Anthracnose,An246.jpg,,
Anthracnose,An247.jpg,,
Anthracnose,An248.jpg,,
Anthracnose,An249.jpg,,
Anthracnose,An25.jpg,,
Anthracnose,An250.jpg,,
Anthracnose,An251.jpg,,
Anthracnose,An252.jpg,,
Anthracnose,An253.jpg,,
Anthracnose,An254.jpg,,
Anthracnose,An255.jpg,,
Anthracnose,An256.jpg,,
Anthracnose,An257.jpg,,
Anthracnose,An258.jpg,,
Anthracnose,An259.jpg,,
Anthracnose,An26.jpg,,
Anthracnose,An260.jpg,,
Anthracnose,An261.jpg,,
Anthracnose,An262.jpg,,
Anthracnose,An263.jpg,,
Anthracnose,An264.jpg,,
Anthracnose,An265.jpg,,
Anthracnose,An266.jpg,,
Anthracnose,An267.jpg,,
Anthracnose,An268.jpg,,
Anthracnose,An269.jpg,,
Anthracnose,An27.jpg,,
Anthracnose,An270.jpg,,
Anthracnose,An271.jpg,,
Anthracnose,An272.jpg,,
Anthracnose,An273.jpg,,
Anthracnose,An274.jpg,,
Anthracnose,An275.jpg,,
Anthracnose,An276.jpg,,
Anthracnose,An277.jpg,,
Anthracnose,An278.jpg,,
Anthracnose,An279.jpg,,
Anthracnose,An28.jpg,,
Anthracnose,An280.jpg,,
Anthracnose,An281.jpg,,
Anthracnose,An282.jpg,,
Anthracnose,An283.jpg,,
Anthracnose,An284.jpg,,
Anthracnose,An285.jpg,,
Anthracnose,An286.jpg,,
Anthracnose,An287.jpg,,
Anthracnose,An288.jpg,,
Anthracnose,An289.jpg,,
Anthracnose,An29.jpg,,
Anthracnose,An290.jpg,,
Anthracnose,An291.jpg,,
Anthracnose,An292.jpg,,
Anthracnose,An293.jpg,,
Anthracnose,An294.jpg,,
Anthracnose,An295.jpg,,
Anthracnose,An296.jpg,,
Anthracnose,An297.jpg,,
Anthracnose,An298.jpg,,
Anthracnose,An299.jpg,,
Anthracnose,An3.jpg,,
Anthracnose,An30.jpg,,
Anthracnose,An300.jpg,,
Anthracnose,An31.jpg,,
Anthracnose,An32.jpg,,
Anthracnose,An33.jpg,,
Anthracnose,An34.jpg,,
Anthracnose,An35.jpg,,
Anthracnose,An36.jpg,,
Anthracnose,An37.jpg,,
Anthracnose,An38.jpg,,
Anthracnose,An39.jpg,,
Anthracnose,An4.jpg,,
Anthracnose,An40.jpg,,
Anthracnose,An41.jpg,,
Anthracnose,An42.jpg,,
Anthracnose,An43.jpg,,
Anthracnose,An44.jpg,,
Anthracnose,An45.jpg,,
Anthracnose,An46.jpg,,
Anthracnose,An47.jpg,,
Anthracnose,An48.jpg,,
Anthracnose,An49.jpg,,
Anthracnose,An5.jpg,,
Anthracnose,An50.jpg,,
Anthracnose,An51.jpg,,
Anthracnose,An52.jpg,,
Anthracnose,An53.jpg,,
Anthracnose,An54.jpg,,
Anthracnose,An55.jpg,,
Anthracnose,An56.jpg,,
Anthracnose,An57.jpg,,
Anthracnose,An58.jpg,,
Anthracnose,An59.jpg,,
Anthracnose,An6.jpg,,
Anthracnose,An60.jpg,,
Anthracnose,An61.jpg,,
Anthracnose,An62.jpg,,
Anthracnose,An63.jpg,,
Anthracnose,An64.jpg,,
Anthracnose,An65.jpg,,
Anthracnose,An66.jpg,,
Anthracnose,An67.jpg,,
Anthracnose,An68.jpg,,
Anthracnose,An69.jpg,,
Anthracnose,An7.jpg,,
Anthracnose,An70.jpg,,
Anthracnose,An71.jpg,,
Anthracnose,An72.jpg,,
Anthracnose,An73.jpg,,
Anthracnose,An74.jpg,,
Anthracnose,An75.jpg,,
Anthracnose,An76.jpg,,
Anthracnose,An77.jpg,,
Anthracnose,An78.jpg,,
Anthracnose,An79.jpg,,
Anthracnose,An8.jpg,,
Anthracnose,An80.jpg,,
Anthracnose,An81.jpg,,
Anthracnose,An82.jpg,,
Anthracnose,An83.jpg,,
Anthracnose,An84.jpg,,
Anthracnose,An85.jpg,,
Anthracnose,An86.jpg,,
Anthracnose,An87.jpg,,
Anthracnose,An88.jpg,,
Anthracnose,An89.jpg,,
Anthracnose,An9.jpg,,
Anthracnose,An90.jpg,,
Anthracnose,An91.jpg,,
Anthracnose,An92.jpg,,
Anthracnose,An93.jpg,,
Anthracnose,An94.jpg,,
Anthracnose,An95.jpg,,
Anthracnose,An96.jpg,,
Anthracnose,An97.jpg,,
Anthracnose,An98.jpg,,
Anthracnose,An99.jpg,,
Bacterial_Canker,Bc1.jpg,,
Bacterial_Canker,Bc10.jpg,,
Bacterial_Canker,Bc100.jpg,,
Bacterial_Canker,Bc101.jpg,,
Bacterial_Canker,Bc102.jpg,,
Bacterial_Canker,Bc103.jpg,,
Bacterial_Canker,Bc104.jpg,,
Bacterial_Canker,Bc105.jpg,,
Bacterial_Canker,Bc106.jpg,,
Bacterial_Canker,Bc107.jpg,,
Bacterial_Canker,Bc108.jpg,,
Bacterial_Canker,Bc109.jpg,,
Bacterial_Canker,Bc11.jpg,,
Bacterial_Canker,Bc110.jpg,,
Bacterial_Canker,Bc111.jpg,,
Bacterial_Canker,Bc112.jpg,,
Bacterial_Canker,Bc113.jpg,,
Bacterial_Canker,Bc114.jpg,,
Bacterial_Canker,Bc115.jpg,,
Bacterial_Canker,Bc116.jpg,,
Bacterial_Canker,Bc117.jpg,,
Bacterial_Canker,Bc118.jpg,,
Bacterial_Canker,Bc119.jpg,,
Bacterial_Canker,Bc12.jpg,,
Bacterial_Canker,Bc120.jpg,,
Bacterial_Canker,Bc121.jpg,,
Bacterial_Canker,Bc122.jpg,,
Bacterial_Canker,Bc123.jpg,,
Bacterial_Canker,Bc124.jpg,,
Bacterial_Canker,Bc125.jpg,,
Bacterial_Canker,Bc126.jpg,,
Bacterial_Canker,Bc127.jpg,,
Bacterial_Canker,Bc128.jpg,,
Bacterial_Canker,Bc129.jpg,,
Bacterial_Canker,Bc13.jpg,,
Bacterial_Canker,Bc130.jpg,,
Bacterial_Canker,Bc131.jpg,,
Bacterial_Canker,Bc132.jpg,,
Bacterial_Canker,Bc133.jpg,,
Bacterial_Canker,Bc134.jpg,,
Bacterial_Canker,Bc135.jpg,,
Bacterial_Canker,Bc136.jpg,,
Bacterial_Canker,Bc137.jpg,,
Bacterial_Canker,Bc138.jpg,,
Bacterial_Canker,Bc139.jpg,,
Bacterial_Canker,Bc14.jpg,,
Bacterial_Canker,Bc140.jpg,,
Bacterial_Canker,Bc141.jpg,,
Bacterial_Canker,Bc142.jpg,,
Bacterial_Canker,Bc143.jpg,,
Bacterial_Canker,Bc144.jpg,,
Bacterial_Canker,Bc145.jpg,,
Bacterial_Canker,Bc146.jpg,,
Bacterial_Canker,Bc147.jpg,,
Bacterial_Canker,Bc148.jpg,,
Bacterial_Canker,Bc149.jpg,,
Bacterial_Canker,Bc15.jpg,,
Bacterial_Canker,Bc150.jpg,,
Bacterial_Canker,Bc151.jpg,,
Bacterial_Canker,Bc152.jpg,,
Bacterial_Canker,Bc153.jpg,,
Bacterial_Canker,Bc154.jpg,,
Bacterial_Canker,Bc155.jpg,,
Bacterial_Canker,Bc156.jpg,,
Bacterial_Canker,Bc157.jpg,,
Bacterial_Canker,Bc158.jpg,,
Bacterial_Canker,Bc159.jpg,,
Bacterial_Canker,Bc16.jpg,,
Bacterial_Canker,Bc160.jpg,,
Bacterial_Canker,Bc161.jpg,,
Bacterial_Canker,Bc162.jpg,,
Bacterial_Canker,Bc163.jpg,,
Bacterial_Canker,Bc164.jpg,,
Bacterial_Canker,Bc165.jpg,,
Bacterial_Canker,Bc166.jpg,,
Bacterial_Canker,Bc167.jpg,,
Bacterial_Canker,Bc168.jpg,,
Bacterial_Canker,Bc169.jpg,,
Bacterial_Canker,Bc17.jpg,,
Bacterial_Canker,Bc170.jpg,,
Bacterial_Canker,Bc171.jpg,,
Bacterial_Canker,Bc172.jpg,,
Bacterial_Canker,Bc173.jpg,,
Bacterial_Canker,Bc174.jpg,,
Bacterial_Canker,Bc175.jpg,,
Bacterial_Canker,Bc176.jpg,,
Bacterial_Canker,Bc177.jpg,,
Bacterial_Canker,Bc178.jpg,,
Bacterial_Canker,Bc179.jpg,,
Bacterial_Canker,Bc18.jpg,,
Bacterial_Canker,Bc180.jpg,,
Bacterial_Canker,Bc181.jpg,,
Bacterial_Canker,Bc182.jpg,,
Bacterial_Canker,Bc183.jpg,,
Bacterial_Canker,Bc184.jpg,,
Bacterial_Canker,Bc185.jpg,,
Bacterial_Canker,Bc186.jpg,,
Bacterial_Canker,Bc187.jpg,,
Bacterial_Canker,Bc188.jpg,,
Bacterial_Canker,Bc189.jpg,,
Bacterial_Canker,Bc19.jpg,,
Bacterial_Canker,Bc190.jpg,,
Bacterial_Canker,Bc191.jpg,,
Bacterial_Canker,Bc192.jpg,,
Bacterial_Canker,Bc193.jpg,,
Bacterial_Canker,Bc194.jpg,,
Bacterial_Canker,Bc195.jpg,,
Bacterial_Canker,Bc196.jpg,,
Bacterial_Canker,Bc197.jpg,,
Bacterial_Canker,Bc198.jpg,,
Bacterial_Canker,Bc199.jpg,,
Bacterial_Canker,Bc2.jpg,,
Bacterial_Canker,Bc20.jpg,,
Bacterial_Canker,Bc200.jpg,,
Bacterial_Canker,Bc201.jpg,,
Bacterial_Canker,Bc202.jpg,,
Bacterial_Canker,Bc203.jpg,,
Bacterial_Canker,Bc204.jpg,,
Bacterial_Canker,Bc205.jpg,,
Bacterial_Canker,Bc206.jpg,,
Bacterial_Canker,Bc207.jpg,,
Bacterial_Canker,Bc208.jpg,,
Bacterial_Canker,Bc209.jpg,,
Bacterial_Canker,Bc21.jpg,,
Bacterial_Canker,Bc210.jpg,,
Bacterial_Canker,Bc211.jpg,,
Bacterial_Canker,Bc212.jpg,,
Bacterial_Canker,Bc213.jpg,,
Bacterial_Canker,Bc214.jpg,,
Bacterial_Canker,Bc215.jpg,,
Bacterial_Canker,Bc216.jpg,,
Bacterial_Canker,Bc217.jpg,,
Bacterial_Canker,Bc218.jpg,,
Bacterial_Canker,Bc219.jpg,,
Bacterial_Canker,Bc22.jpg,,
Bacterial_Canker,Bc220.jpg,,
Bacterial_Canker,Bc221.jpg,,
Bacterial_Canker,Bc222.jpg,,
Bacterial_Canker,Bc223.jpg,,
Bacterial_Canker,Bc224.jpg,,
Bacterial_Canker,Bc225.jpg,,
Bacterial_Canker,Bc226.jpg,,
Bacterial_Canker,Bc227.jpg,,
Bacterial_Canker,Bc228.jpg,,
Bacterial_Canker,Bc229.jpg,,
Bacterial_Canker,Bc23.jpg,,
Bacterial_Canker,Bc230.jpg,,
Bacterial_Canker,Bc231.jpg,,
Bacterial_Canker,Bc232.jpg,,
Bacterial_Canker,Bc233.jpg,,
Bacterial_Canker,Bc234.jpg,,
Bacterial_Canker,Bc235.jpg,,
Bacterial_Canker,Bc236.jpg,,
Bacterial_Canker,Bc237.jpg,,
Bacterial_Canker,Bc238.jpg,,
Bacterial_Canker,Bc239.jpg,,
Bacterial_Canker,Bc24.jpg,,
Bacterial_Canker,Bc240.jpg,,
Bacterial_Canker,Bc241.jpg,,
Bacterial_Canker,Bc242.jpg,,
Bacterial_Canker,Bc243.jpg,,
Bacterial_Canker,Bc244.jpg,,
Bacterial_Canker,Bc245.jpg,,
Bacterial_Canker,Bc246.jpg,,
Bacterial_Canker,Bc247.jpg,,
Bacterial_Canker,Bc248.jpg,,
Bacterial_Canker,Bc249.jpg,,
Bacterial_Canker,Bc25.jpg,,
Bacterial_Canker,Bc250.jpg,,
Bacterial_Canker,Bc251.jpg,,
Bacterial_Canker,Bc252.jpg,,
Bacterial_Canker,Bc253.jpg,,
Bacterial_Canker,Bc254.jpg,,
Bacterial_Canker,Bc255.jpg,,
Bacterial_Canker,Bc256.jpg,,
Bacterial_Canker,Bc257.jpg,,
Bacterial_Canker,Bc258.jpg,,
Bacterial_Canker,Bc259.jpg,,
Bacterial_Canker,Bc26.jpg,,
Bacterial_Canker,Bc260.jpg,,
Bacterial_Canker,Bc261.jpg,,
Bacterial_Canker,Bc262.jpg,,
Bacterial_Canker,Bc263.jpg,,
Bacterial_Canker,Bc264.jpg,,
Bacterial_Canker,Bc265.jpg,,
Bacterial_Canker,Bc266.jpg,,
Bacterial_Canker,Bc267.jpg,,
Bacterial_Canker,Bc268.jpg,,
Bacterial_Canker,Bc269.jpg,,
Bacterial_Canker,Bc27.jpg,,
Bacterial_Canker,Bc270.jpg,,
Bacterial_Canker,Bc271.jpg,,
Bacterial_Canker,Bc272.jpg,,
Bacterial_Canker,Bc273.jpg,,
Bacterial_Canker,Bc274.jpg,,
Bacterial_Canker,Bc275.jpg,,
Bacterial_Canker,Bc276.jpg,,
Bacterial_Canker,Bc277.jpg,,
Bacterial_Canker,Bc278.jpg,,
Bacterial_Canker,Bc279.jpg,,
Bacterial_Canker,Bc28.jpg,,
Bacterial_Canker,Bc280.jpg,,
Bacterial_Canker,Bc281.jpg,,
Bacterial_Canker,Bc282.jpg,,
Bacterial_Canker,Bc283.jpg,,
Bacterial_Canker,Bc284.jpg,,
Bacterial_Canker,Bc285.jpg,,
Bacterial_Canker,Bc286.jpg,,
Bacterial_Canker,Bc287.jpg,,
Bacterial_Canker,Bc288.jpg,,
Bacterial_Canker,Bc289.jpg,,
Bacterial_Canker,Bc29.jpg,,
Bacterial_Canker,Bc290.jpg,,
Bacterial_Canker,Bc291.jpg,,
Bacterial_Canker,Bc292.jpg,,
Bacterial_Canker,Bc293.jpg,,
Bacterial_Canker,Bc294.jpg,,
Bacterial_Canker,Bc295.jpg,,
Bacterial_Canker,Bc296.jpg,,
Bacterial_Canker,Bc297.jpg,,
Bacterial_Canker,Bc298.jpg,,
Bacterial_Canker,Bc299.jpg,,
Bacterial_Canker,Bc3.jpg,,
Bacterial_Canker,Bc30.jpg,,
Bacterial_Canker,Bc300.jpg,,
Bacterial_Canker,Bc31.jpg,,
Bacterial_Canker,Bc32.jpg,,
Bacterial_Canker,Bc33.jpg,,
Bacterial_Canker,Bc34.jpg,,
Bacterial_Canker,Bc35.jpg,,
Bacterial_Canker,Bc36.jpg,,
Bacterial_Canker,Bc37.jpg,,
Bacterial_Canker,Bc38.jpg,,
Bacterial_Canker,Bc39.jpg,,
Bacterial_Canker,Bc4.jpg,,
Bacterial_Canker,Bc40.jpg,,
Bacterial_Canker,Bc41.jpg,,
Bacterial_Canker,Bc42.jpg,,
Bacterial_Canker,Bc43.jpg,,
Bacterial_Canker,Bc44.jpg,,
Bacterial_Canker,Bc45.jpg,,
Bacterial_Canker,Bc46.jpg,,
Bacterial_Canker,Bc47.jpg,,
Bacterial_Canker,Bc48.jpg,,
Bacterial_Canker,Bc49.jpg,,
Bacterial_Canker,Bc5.jpg,,
Bacterial_Canker,Bc50.jpg,,
Bacterial_Canker,Bc51.jpg,,
Bacterial_Canker,Bc52.jpg,,
Bacterial_Canker,Bc53.jpg,,
Bacterial_Canker,Bc54.jpg,,
Bacterial_Canker,Bc55.jpg,,
Bacterial_Canker,Bc56.jpg,,
Bacterial_Canker,Bc57.jpg,,
Bacterial_Canker,Bc58.jpg,,
Bacterial_Canker,Bc59.jpg,,
Bacterial_Canker,Bc6.jpg,,
Bacterial_Canker,Bc60.jpg,,
Bacterial_Canker,Bc61.jpg,,
Bacterial_Canker,Bc62.jpg,,
Bacterial_Canker,Bc63.jpg,,
Bacterial_Canker,Bc64.jpg,,
Bacterial_Canker,Bc65.jpg,,
Bacterial_Canker,Bc66.jpg,,
Bacterial_Canker,Bc67.jpg,,
Bacterial_Canker,Bc68.jpg,,
Bacterial_Canker,Bc69.jpg,,
Bacterial_Canker,Bc7.jpg,,
Bacterial_Canker,Bc70.jpg,,
Bacterial_Canker,Bc71.jpg,,
Bacterial_Canker,Bc72.jpg,,
Bacterial_Canker,Bc73.jpg,,
Bacterial_Canker,Bc74.jpg,,
Bacterial_Canker,Bc75.jpg,,
Bacterial_Canker,Bc76.jpg,,
Bacterial_Canker,Bc77.jpg,,
Bacterial_Canker,Bc78.jpg,,
Bacterial_Canker,Bc79.jpg,,
Bacterial_Canker,Bc8.jpg,,
Bacterial_Canker,Bc80.jpg,,
Bacterial_Canker,Bc81.jpg,,
Bacterial_Canker,Bc82.jpg,,
Bacterial_Canker,Bc83.jpg,,
Bacterial_Canker,Bc84.jpg,,
Bacterial_Canker,Bc85.jpg,,
Bacterial_Canker,Bc86.jpg,,
Bacterial_Canker,Bc87.jpg,,
Bacterial_Canker,Bc88.jpg,,
Bacterial_Canker,Bc89.jpg,,
Bacterial_Canker,Bc9.jpg,,
Bacterial_Canker,Bc90.jpg,,
Bacterial_Canker,Bc91.jpg,,
Bacterial_Canker,Bc92.jpg,,
Bacterial_Canker,Bc93.jpg,,
Bacterial_Canker,Bc94.jpg,,
Bacterial_Canker,Bc95.jpg,,
Bacterial_Canker,Bc96.jpg,,
Bacterial_Canker,Bc97.jpg,,
Bacterial_Canker,Bc98.jpg,,
Bacterial_Canker,Bc99.jpg,,
Scab,Sc1.jpg,,
Scab,Sc10.jpg,,
Scab,Sc100.jpg,,
Scab,Sc101.jpg,,
Scab,Sc102.jpg,,
Scab,Sc103.jpg,,
Scab,Sc104.jpg,,
Scab,Sc105.jpg,,
Scab,Sc106.jpg,,
Scab,Sc107.jpg,,
Scab,Sc108.jpg,,
Scab,Sc109.jpg,,
Scab,Sc11.jpg,,
Scab,Sc110.jpg,,
Scab,Sc111.jpg,,
Scab,Sc112.jpg,,
Scab,Sc113.jpg,,
Scab,Sc114.jpg,,
Scab,Sc115.jpg,,
Scab,Sc116.jpg,,
Scab,Sc117.jpg,,
Scab,Sc118.jpg,,
Scab,Sc119.jpg,,
Scab,Sc12.jpg,,
Scab,Sc120.jpg,,
Scab,Sc121.jpg,,
Scab,Sc122.jpg,,
Scab,Sc123.jpg,,
Scab,Sc124.jpg,,
Scab,Sc125.jpg,,
Scab,Sc126.jpg,,
Scab,Sc127.jpg,,
Scab,Sc128.jpg,,
Scab,Sc129.jpg,,
Scab,Sc13.jpg,,
Scab,Sc130.jpg,,
Scab,Sc131.jpg,,
Scab,Sc132.jpg,,
Scab,Sc133.jpg,,
Scab,Sc134.jpg,,
Scab,Sc135.jpg,,
Scab,Sc136.jpg,,
Scab,Sc137.jpg,,
Scab,Sc138.jpg,,
Scab,Sc139.jpg,,
Scab,Sc14.jpg,,
Scab,Sc140.jpg,,
Scab,Sc141.jpg,,
Scab,Sc142.jpg,,
Scab,Sc143.jpg,,
Scab,Sc144.jpg,,
Scab,Sc145.jpg,,
Scab,Sc146.jpg,,
Scab,Sc147.jpg,,
Scab,Sc148.jpg,,
Scab,Sc149.jpg,,
Scab,Sc15.jpg,,
Scab,Sc150.jpg,,
Scab,Sc151.jpg,,
Scab,Sc152.jpg,,
Scab,Sc153.jpg,,
Scab,Sc154.jpg,,
Scab,Sc155.jpg,,
Scab,Sc156.jpg,,
Scab,Sc157.jpg,,
Scab,Sc158.jpg,,
Scab,Sc159.jpg,,
Scab,Sc16.jpg,,
Scab,Sc160.jpg,,
Scab,Sc161.jpg,,
Scab,Sc162.jpg,,
Scab,Sc163.jpg,,
Scab,Sc164.jpg,,
Scab,Sc165.jpg,,
Scab,Sc166.jpg,,
Scab,Sc167.jpg,,
Scab,Sc168.jpg,,
Scab,Sc169.jpg,,
Scab,Sc17.jpg,,
Scab,Sc170.jpg,,
Scab,Sc171.jpg,,
Scab,Sc172.jpg,,
Scab,Sc173.jpg,,
Scab,Sc174.jpg,,
Scab,Sc175.jpg,,
Scab,Sc176.jpg,,
Scab,Sc177.jpg,,
Scab,Sc178.jpg,,
Scab,Sc179.jpg,,
Scab,Sc18.jpg,,
Scab,Sc180.jpg,,
Scab,Sc181.jpg,,
Scab,Sc182.jpg,,
Scab,Sc183.jpg,,
Scab,Sc184.jpg,,
Scab,Sc185.jpg,,
Scab,Sc186.jpg,,
Scab,Sc187.jpg,,
Scab,Sc188.jpg,,
Scab,Sc189.jpg,,
Scab,Sc19.jpg,,
Scab,Sc190.jpg,,
Scab,Sc191.jpg,,
Scab,Sc192.jpg,,
Scab,Sc193.jpg,,
Scab,Sc194.jpg,,
Scab,Sc195.jpg,,
Scab,Sc196.jpg,,
Scab,Sc197.jpg,,
Scab,Sc198.jpg,,
Scab,Sc199.jpg,,
Scab,Sc2.jpg,,
Scab,Sc20.jpg,,
Scab,Sc200.jpg,,
Scab,Sc201.jpg,,
Scab,Sc202.jpg,,
Scab,Sc203.jpg,,
Scab,Sc204.jpg,,
Scab,Sc205.jpg,,
Scab,Sc206.jpg,,
Scab,Sc207.jpg,,
Scab,Sc208.jpg,,
Scab,Sc209.jpg,,
Scab,Sc21.jpg,,
Scab,Sc210.jpg,,
Scab,Sc211.jpg,,
Scab,Sc212.jpg,,
Scab,Sc213.jpg,,
Scab,Sc214.jpg,,
Scab,Sc215.jpg,,
Scab,Sc216.jpg,,
Scab,Sc217.jpg,,
Scab,Sc218.jpg,,
Scab,Sc219.jpg,,
Scab,Sc22.jpg,,
Scab,Sc220.jpg,,
Scab,Sc221.jpg,,
Scab,Sc222.jpg,,
Scab,Sc223.jpg,,
Scab,Sc224.jpg,,
Scab,Sc225.jpg,,
Scab,Sc226.jpg,,
Scab,Sc227.jpg,,
Scab,Sc228.jpg,,
Scab,Sc229.jpg,,
Scab,Sc23.jpg,,
Scab,Sc230.jpg,,
Scab,Sc231.jpg,,
Scab,Sc232.jpg,,
Scab,Sc233.jpg,,
Scab,Sc234.jpg,,
Scab,Sc235.jpg,,
Scab,Sc236.jpg,,
Scab,Sc237.jpg,,
Scab,Sc238.jpg,,
Scab,Sc239.jpg,,
Scab,Sc24.jpg,,
Scab,Sc240.jpg,,
Scab,Sc241.jpg,,
Scab,Sc242.jpg,,
Scab,Sc243.jpg,,
Scab,Sc244.jpg,,
Scab,Sc245.jpg,,
Scab,Sc246.jpg,,
Scab,Sc247.jpg,,
Scab,Sc248.jpg,,
Scab,Sc249.jpg,,
Scab,Sc25.jpg,,
Scab,Sc250.jpg,,
Scab,Sc251.jpg,,
Scab,Sc252.jpg,,
Scab,Sc253.jpg,,
Scab,Sc254.jpg,,
Scab,Sc255.jpg,,
Scab,Sc256.jpg,,
Scab,Sc257.jpg,,
Scab,Sc258.jpg,,
Scab,Sc259.jpg,,
Scab,Sc26.jpg,,
Scab,Sc260.jpg,,
Scab,Sc261.jpg,,
Scab,Sc262.jpg,,
Scab,Sc263.jpg,,
Scab,Sc264.jpg,,
Scab,Sc265.jpg,,
Scab,Sc266.jpg,,
Scab,Sc267.jpg,,
Scab,Sc268.jpg,,
Scab,Sc269.jpg,,
Scab,Sc27.jpg,,
Scab,Sc270.jpg,,
Scab,Sc271.jpg,,
Scab,Sc272.jpg,,
Scab,Sc273.jpg,,
Scab,Sc274.jpg,,
Scab,Sc275.jpg,,
Scab,Sc276.jpg,,
Scab,Sc277.jpg,,
Scab,Sc278.jpg,,
Scab,Sc279.jpg,,
Scab,Sc28.jpg,,
Scab,Sc280.jpg,,
Scab,Sc281.jpg,,
Scab,Sc282.jpg,,
Scab,Sc283.jpg,,
Scab,Sc284.jpg,,
Scab,Sc285.jpg,,
Scab,Sc286.jpg,,
Scab,Sc287.jpg,,
Scab,Sc288.jpg,,
Scab,Sc289.jpg,,
Scab,Sc29.jpg,,
Scab,Sc290.jpg,,
Scab,Sc291.jpg,,
Scab,Sc292.jpg,,
Scab,Sc293.jpg,,
Scab,Sc294.jpg,,
Scab,Sc295.jpg,,
Scab,Sc296.jpg,,
Scab,Sc297.jpg,,
Scab,Sc298.jpg,,
Scab,Sc299.jpg,,
Scab,Sc3.jpg,,
Scab,Sc30.jpg,,
Scab,Sc300.jpg,,
Scab,Sc31.jpg,,
Scab,Sc32.jpg,,
Scab,Sc33.jpg,,
Scab,Sc34.jpg,,
Scab,Sc35.jpg,,
Scab,Sc36.jpg,,
Scab,Sc37.jpg,,
Scab,Sc38.jpg,,
Scab,Sc39.jpg,,
Scab,Sc4.jpg,,
Scab,Sc40.jpg,,
Scab,Sc41.jpg,,
Scab,Sc42.jpg,,
Scab,Sc43.jpg,,
Scab,Sc44.jpg,,
Scab,Sc45.jpg,,
Scab,Sc46.jpg,,
Scab,Sc47.jpg,,
Scab,Sc48.jpg,,
Scab,Sc49.jpg,,
Scab,Sc5.jpg,,
Scab,Sc50.jpg,,
Scab,Sc51.jpg,,
Scab,Sc52.jpg,,
Scab,Sc53.jpg,,
Scab,Sc54.jpg,,
Scab,Sc55.jpg,,
Scab,Sc56.jpg,,
Scab,Sc57.jpg,,
Scab,Sc58.jpg,,
Scab,Sc59.jpg,,
Scab,Sc6.jpg,,
Scab,Sc60.jpg,,
Scab,Sc61.jpg,,
Scab,Sc62.jpg,,
Scab,Sc63.jpg,,
Scab,Sc64.jpg,,
Scab,Sc65.jpg,,
Scab,Sc66.jpg,,
Scab,Sc67.jpg,,
Scab,Sc68.jpg,,
Scab,Sc69.jpg,,
Scab,Sc7.jpg,,
Scab,Sc70.jpg,,
Scab,Sc71.jpg,,
Scab,Sc72.jpg,,
Scab,Sc73.jpg,,
Scab,Sc74.jpg,,
Scab,Sc75.jpg,,
Scab,Sc76.jpg,,
Scab,Sc77.jpg,,
Scab,Sc78.jpg,,
Scab,Sc79.jpg,,
Scab,Sc8.jpg,,
Scab,Sc80.jpg,,
Scab,Sc81.jpg,,
Scab,Sc82.jpg,,
Scab,Sc83.jpg,,
Scab,Sc84.jpg,,
Scab,Sc85.jpg,,
Scab,Sc86.jpg,,
Scab,Sc87.jpg,,
Scab,Sc88.jpg,,
Scab,Sc89.jpg,,
Scab,Sc9.jpg,,
Scab,Sc90.jpg,,
Scab,Sc91.jpg,,
Scab,Sc92.jpg,,
Scab,Sc93.jpg,,
Scab,Sc94.jpg,,
Scab,Sc95.jpg,,
Scab,Sc96.jpg,,
Scab,Sc97.jpg,,
Scab,Sc98.jpg,,
Scab,Sc99.jpg,,
Stem_End_Rot,Se1.jpg,,
Stem_End_Rot,Se10.jpg,,
Stem_End_Rot,Se100.jpg,,
Stem_End_Rot,Se101.jpg,,
Stem_End_Rot,Se102.jpg,,
Stem_End_Rot,Se103.jpg,,
Stem_End_Rot,Se104.jpg,,
Stem_End_Rot,Se105.jpg,,
Stem_End_Rot,Se106.jpg,,
Stem_End_Rot,Se107.jpg,,
Stem_End_Rot,Se108.jpg,,
Stem_End_Rot,Se109.jpg,,
Stem_End_Rot,Se11.jpg,,
Stem_End_Rot,Se110.jpg,,
Stem_End_Rot,Se111.jpg,,
Stem_End_Rot,Se112.jpg,,
Stem_End_Rot,Se113.jpg,,
Stem_End_Rot,Se114.jpg,,
Stem_End_Rot,Se115.jpg,,
Stem_End_Rot,Se116.jpg,,
Stem_End_Rot,Se117.jpg,,
Stem_End_Rot,Se118.jpg,,
Stem_End_Rot,Se119.jpg,,
Stem_End_Rot,Se12.jpg,,
Stem_End_Rot,Se120.jpg,,
Stem_End_Rot,Se121.jpg,,
Stem_End_Rot,Se122.jpg,,
Stem_End_Rot,Se123.jpg,,
Stem_End_Rot,Se124.jpg,,
Stem_End_Rot,Se125.jpg,,
Stem_End_Rot,Se126.jpg,,
Stem_End_Rot,Se127.jpg,,
Stem_End_Rot,Se128.jpg,,
Stem_End_Rot,Se129.jpg,,
Stem_End_Rot,Se13.jpg,,
Stem_End_Rot,Se130.jpg,,
Stem_End_Rot,Se131.jpg,,
Stem_End_Rot,Se132.jpg,,
Stem_End_Rot,Se133.jpg,,
Stem_End_Rot,Se134.jpg,,
Stem_End_Rot,Se135.jpg,,
Stem_End_Rot,Se136.jpg,,
Stem_End_Rot,Se137.jpg,,
Stem_End_Rot,Se138.jpg,,
Stem_End_Rot,Se139.jpg,,
Stem_End_Rot,Se14.jpg,,
Stem_End_Rot,Se140.jpg,,
Stem_End_Rot,Se141.jpg,,
Stem_End_Rot,Se142.jpg,,
Stem_End_Rot,Se143.jpg,,
Stem_End_Rot,Se144.jpg,,
Stem_End_Rot,Se145.jpg,,
Stem_End_Rot,Se146.jpg,,
Stem_End_Rot,Se147.jpg,,
Stem_End_Rot,Se148.jpg,,
Stem_End_Rot,Se149.jpg,,
Stem_End_Rot,Se15.jpg,,
Stem_End_Rot,Se150.jpg,,
Stem_End_Rot,Se151.jpg,,
Stem_End_Rot,Se152.jpg,,
Stem_End_Rot,Se153.jpg,,
Stem_End_Rot,Se154.jpg,,
Stem_End_Rot,Se155.jpg,,
Stem_End_Rot,Se156.jpg,,
Stem_End_Rot,Se157.jpg,,
Stem_End_Rot,Se158.jpg,,
Stem_End_Rot,Se159.jpg,,
Stem_End_Rot,Se16.jpg,,
Stem_End_Rot,Se160.jpg,,
Stem_End_Rot,Se161.jpg,,
Stem_End_Rot,Se162.jpg,,
Stem_End_Rot,Se163.jpg,,
Stem_End_Rot,Se164.jpg,,
Stem_End_Rot,Se165.jpg,,
Stem_End_Rot,Se166.jpg,,
Stem_End_Rot,Se167.jpg,,
Stem_End_Rot,Se168.jpg,,
Stem_End_Rot,Se169.jpg,,
Stem_End_Rot,Se17.jpg,,
Stem_End_Rot,Se170.jpg,,
Stem_End_Rot,Se171.jpg,,
Stem_End_Rot,Se172.jpg,,
Stem_End_Rot,Se173.jpg,,
Stem_End_Rot,Se174.jpg,,
Stem_End_Rot,Se175.jpg,,
Stem_End_Rot,Se176.jpg,,
Stem_End_Rot,Se177.jpg,,
Stem_End_Rot,Se178.jpg,,
Stem_End_Rot,Se179.jpg,,
Stem_End_Rot,Se18.jpg,,
Stem_End_Rot,Se180.jpg,,
Stem_End_Rot,Se181.jpg,,
Stem_End_Rot,Se182.jpg,,
Stem_End_Rot,Se183.jpg,,
Stem_End_Rot,Se184.jpg,,
Stem_End_Rot,Se185.jpg,,
Stem_End_Rot,Se186.jpg,,
Stem_End_Rot,Se187.jpg,,
Stem_End_Rot,Se188.jpg,,
Stem_End_Rot,Se189.jpg,,
Stem_End_Rot,Se19.jpg,,
Stem_End_Rot,Se190.jpg,,
Stem_End_Rot,Se191.jpg,,
Stem_End_Rot,Se192.jpg,,
Stem_End_Rot,Se193.jpg,,
Stem_End_Rot,Se194.jpg,,
Stem_End_Rot,Se195.jpg,,
Stem_End_Rot,Se196.jpg,,
Stem_End_Rot,Se197.jpg,,
Stem_End_Rot,Se198.jpg,,
Stem_End_Rot,Se199.jpg,,
Stem_End_Rot,Se2.jpg,,
Stem_End_Rot,Se20.jpg,,
Stem_End_Rot,Se200.jpg,,
Stem_End_Rot,Se201.jpg,,
Stem_End_Rot,Se202.jpg,,
Stem_End_Rot,Se203.jpg,,
Stem_End_Rot,Se204.jpg,,
Stem_End_Rot,Se205.jpg,,
Stem_End_Rot,Se206.jpg,,
Stem_End_Rot,Se207.jpg,,
Stem_End_Rot,Se208.jpg,,
Stem_End_Rot,Se209.jpg,,
Stem_End_Rot,Se21.jpg,,
Stem_End_Rot,Se210.jpg,,
Stem_End_Rot,Se211.jpg,,
Stem_End_Rot,Se212.jpg,,
Stem_End_Rot,Se213.jpg,,
Stem_End_Rot,Se214.jpg,,
Stem_End_Rot,Se215.jpg,,
Stem_End_Rot,Se216.jpg,,
Stem_End_Rot,Se217.jpg,,
Stem_End_Rot,Se218.jpg,,
Stem_End_Rot,Se219.jpg,,
Stem_End_Rot,Se22.jpg,,
Stem_End_Rot,Se220.jpg,,
Stem_End_Rot,Se221.jpg,,
Stem_End_Rot,Se222.jpg,,
Stem_End_Rot,Se223.jpg,,
Stem_End_Rot,Se224.jpg,,
Stem_End_Rot,Se225.jpg,,
Stem_End_Rot,Se226.jpg,,
Stem_End_Rot,Se227.jpg,,
Stem_End_Rot,Se228.jpg,,
Stem_End_Rot,Se229.jpg,,
Stem_End_Rot,Se23.jpg,,
Stem_End_Rot,Se230.jpg,,
Stem_End_Rot,Se231.jpg,,
Stem_End_Rot,Se232.jpg,,
Stem_End_Rot,Se233.jpg,,
Stem_End_Rot,Se234.jpg,,
Stem_End_Rot,Se235.jpg,,
Stem_End_Rot,Se236.jpg,,
Stem_End_Rot,Se237.jpg,,
Stem_End_Rot,Se238.jpg,,
Stem_End_Rot,Se239.jpg,,
Stem_End_Rot,Se24.jpg,,
Stem_End_Rot,Se240.jpg,,
Stem_End_Rot,Se241.jpg,,
Stem_End_Rot,Se242.jpg,,
Stem_End_Rot,Se243.jpg,,
Stem_End_Rot,Se244.jpg,,
Stem_End_Rot,Se245.jpg,,
Stem_End_Rot,Se246.jpg,,
Stem_End_Rot,Se247.jpg,,
Stem_End_Rot,Se248.jpg,,
Stem_End_Rot,Se249.jpg,,
Stem_End_Rot,Se25.jpg,,
Stem_End_Rot,Se250.jpg,,
Stem_End_Rot,Se251.jpg,,
Stem_End_Rot,Se252.jpg,,
Stem_End_Rot,Se253.jpg,,
Stem_End_Rot,Se254.jpg,,
Stem_End_Rot,Se255.jpg,,
Stem_End_Rot,Se256.jpg,,
Stem_End_Rot,Se257.jpg,,
Stem_End_Rot,Se258.jpg,,
Stem_End_Rot,Se259.jpg,,
Stem_End_Rot,Se26.jpg,,
Stem_End_Rot,Se260.jpg,,
Stem_End_Rot,Se261.jpg,,
Stem_End_Rot,Se262.jpg,,
Stem_End_Rot,Se263.jpg,,
Stem_End_Rot,Se264.jpg,,
Stem_End_Rot,Se265.jpg,,
Stem_End_Rot,Se266.jpg,,
Stem_End_Rot,Se267.jpg,,
Stem_End_Rot,Se268.jpg,,
Stem_End_Rot,Se269.jpg,,
Stem_End_Rot,Se27.jpg,,
Stem_End_Rot,Se270.jpg,,
Stem_End_Rot,Se271.jpg,,
Stem_End_Rot,Se272.jpg,,
Stem_End_Rot,Se273.jpg,,
Stem_End_Rot,Se274.jpg,,
Stem_End_Rot,Se275.jpg,,
Stem_End_Rot,Se276.jpg,,
Stem_End_Rot,Se277.jpg,,
Stem_End_Rot,Se278.jpg,,
Stem_End_Rot,Se279.jpg,,
Stem_End_Rot,Se28.jpg,,
Stem_End_Rot,Se280.jpg,,
Stem_End_Rot,Se281.jpg,,
Stem_End_Rot,Se282.jpg,,
Stem_End_Rot,Se283.jpg,,
Stem_End_Rot,Se284.jpg,,
Stem_End_Rot,Se285.jpg,,
Stem_End_Rot,Se286.jpg,,
Stem_End_Rot,Se287.jpg,,
Stem_End_Rot,Se288.jpg,,
Stem_End_Rot,Se289.jpg,,
Stem_End_Rot,Se29.jpg,,
Stem_End_Rot,Se290.jpg,,
Stem_End_Rot,Se291.jpg,,
Stem_End_Rot,Se292.jpg,,
Stem_End_Rot,Se293.jpg,,
Stem_End_Rot,Se294.jpg,,
Stem_End_Rot,Se295.jpg,,
Stem_End_Rot,Se296.jpg,,
Stem_End_Rot,Se297.jpg,,
Stem_End_Rot,Se298.jpg,,
Stem_End_Rot,Se299.jpg,,
Stem_End_Rot,Se3.jpg,,
Stem_End_Rot,Se30.jpg,,
Stem_End_Rot,Se300.jpg,,
Stem_End_Rot,Se31.jpg,,
Stem_End_Rot,Se32.jpg,,
Stem_End_Rot,Se33.jpg,,
Stem_End_Rot,Se34.jpg,,
Stem_End_Rot,Se35.jpg,,
Stem_End_Rot,Se36.jpg,,
Stem_End_Rot,Se37.jpg,,
Stem_End_Rot,Se38.jpg,,
Stem_End_Rot,Se39.jpg,,
Stem_End_Rot,Se4.jpg,,
Stem_End_Rot,Se40.jpg,,
Stem_End_Rot,Se41.jpg,,
Stem_End_Rot,Se42.jpg,,
Stem_End_Rot,Se43.jpg,,
Stem_End_Rot,Se44.jpg,,
Stem_End_Rot,Se45.jpg,,
Stem_End_Rot,Se46.jpg,,
Stem_End_Rot,Se47.jpg,,
Stem_End_Rot,Se48.jpg,,
Stem_End_Rot,Se49.jpg,,
Stem_End_Rot,Se5.jpg,,
Stem_End_Rot,Se50.jpg,,
Stem_End_Rot,Se51.jpg,,
Stem_End_Rot,Se52.jpg,,
Stem_End_Rot,Se53.jpg,,
Stem_End_Rot,Se54.jpg,,
Stem_End_Rot,Se55.jpg,,
Stem_End_Rot,Se56.jpg,,
Stem_End_Rot,Se57.jpg,,
Stem_End_Rot,Se58.jpg,,
Stem_End_Rot,Se59.jpg,,
Stem_End_Rot,Se6.jpg,,
Stem_End_Rot,Se60.jpg,,
Stem_End_Rot,Se61.jpg,,
Stem_End_Rot,Se62.jpg,,
Stem_End_Rot,Se63.jpg,,
Stem_End_Rot,Se64.jpg,,
Stem_End_Rot,Se65.jpg,,
Stem_End_Rot,Se66.jpg,,
Stem_End_Rot,Se67.jpg,,
Stem_End_Rot,Se68.jpg,,
Stem_End_Rot,Se69.jpg,,
Stem_End_Rot,Se7.jpg,,
Stem_End_Rot,Se70.jpg,,
Stem_End_Rot,Se71.jpg,,
Stem_End_Rot,Se72.jpg,,
Stem_End_Rot,Se73.jpg,,
Stem_End_Rot,Se74.jpg,,
Stem_End_Rot,Se75.jpg,,
Stem_End_Rot,Se76.jpg,,
Stem_End_Rot,Se77.jpg,,
Stem_End_Rot,Se78.jpg,,
Stem_End_Rot,Se79.jpg,,
Stem_End_Rot,Se8.jpg,,
Stem_End_Rot,Se80.jpg,,
Stem_End_Rot,Se81.jpg,,
Stem_End_Rot,Se82.jpg,,
Stem_End_Rot,Se83.jpg,,
Stem_End_Rot,Se84.jpg,,
Stem_End_Rot,Se85.jpg,,
Stem_End_Rot,Se86.jpg,,
Stem_End_Rot,Se87.jpg,,
Stem_End_Rot,Se88.jpg,,
Stem_End_Rot,Se89.jpg,,
Stem_End_Rot,Se9.jpg,,
Stem_End_Rot,Se90.jpg,,
Stem_End_Rot,Se91.jpg,,
Stem_End_Rot,Se92.jpg,,
Stem_End_Rot,Se93.jpg,,
Stem_End_Rot,Se94.jpg,,
Stem_End_Rot,Se95.jpg,,
Stem_End_Rot,Se96.jpg,,
Stem_End_Rot,Se97.jpg,,
Stem_End_Rot,Se98.jpg,,
Stem_End_Rot,Se99.jpg,,
